X,Y,Z,OriginTime,MinWait,NumberSeen,MaxAngle
0.601353,0.18969,0.262906,0.405276,0.10006,0,0
0.591919,0.995085,0.297102,0.416061,0.0935135,0,0
0.164713,0.294026,0.308457,0.42026,0.091756,0,0
0.592407,0.43226,0.492382,0.437534,0.0663209,0,0
0.0839672,0.579141,0.438843,0.437589,0.114579,0,0
0.698522,0.0762182,0.441777,0.442469,0.0546104,0,0
0.0934115,0.389782,0.958546,0.443253,0.0925136,0,0
0.614045,0.255014,0.896652,0.44954,0.0965599,0,0
0.648083,0.151273,0.540636,0.450794,0.0628267,0,0
0.00725534,0.571484,0.170137,0.452358,0.0937737,0,0
0.365846,0.824917,0.692596,0.454577,0.085393,0,0
0.585337,0.912531,0.572062,0.45673,0.0622438,0,0
0.601449,0.504173,0.793478,0.45684,0.0407013,0,0
0.613791,0.0562084,0.436349,0.46446,0.0326199,0,0
0.552259,0.534797,0.835208,0.466836,0.0307053,0,0
0.203139,0.953617,0.87965,0.471789,0.0718373,0,0
0.119139,0.225825,0.86198,0.472234,0.0538294,0,0
0.666529,0.830576,0.742706,0.473107,0.0545674,0,0
0.665314,0.464552,0.546441,0.47384,0.0300151,0,0
0.434591,0.669344,0.302297,0.474915,0.0313457,0,0
0.258582,0.698761,0.478778,0.477118,0.0721693,0,0
0.245871,0.389613,0.299854,0.478084,0.0339322,0,0
0.941853,0.182262,0.733197,0.47849,0.0633189,0,0
0.954929,0.000310001,0.659117,0.478995,0.0654635,0,0
0.418276,0.903858,0.357964,0.479453,0.0709911,0,0
0.550152,0.618305,0.0231619,0.479901,0.0833742,0,0
0.4323,0.938174,0.584315,0.480341,0.0499402,0,0
0.54807,0.727119,0.821034,0.481893,0.0648199,0,0
0.736596,0.578177,0.178591,0.483909,0.0773987,0,0
0.940137,0.304522,0.0931786,0.484143,0.0630133,0,0
0.392435,0.634027,0.562154,0.484507,0.0309853,0,0
0.728678,0.262852,0.360043,0.484944,0.0481999,0,0
0.310198,0.966505,0.0397644,0.485379,0.0440857,0,0
0.149057,0.86501,0.720173,0.486372,0.039684,0,0
0.63612,0.0697475,0.584554,0.486409,0.0288786,0,0
0.322292,0.405739,0.0413573,0.486675,0.0562157,0,0
0.844427,0.117113,0.146627,0.488133,0.0664877,0,0
0.870163,0.48024,0.110952,0.490838,0.065165,0,0
0.403775,0.65124,0.272612,0.491146,0.0151145,0,0
0.183364,0.125875,0.736321,0.491207,0.0696338,0,0
0.807747,0.738761,0.227646,0.491429,0.0643077,0,0
0.925999,0.805097,0.476672,0.491941,0.0608393,0,0
0.850412,0.0153988,0.777726,0.493584,0.0512542,0,0
0.451872,0.987377,0.481487,0.493703,0.0511503,0,0
0.724217,0.222198,0.742303,0.495506,0.0732435,0,0
0.360417,0.670838,0.54826,0.49575,0.019742,0,0
0.236359,0.951851,0.022538,0.496325,0.0331393,0,0
0.768707,0.393446,0.472673,0.49634,0.0560449,0,0
0.838232,0.184839,0.590952,0.496949,0.052108,0,0
0.376322,0.39332,0.363734,0.496983,0.05288,0,0
0.66688,0.193779,0.349103,0.497043,0.00829336,0,0
0.576153,0.803223,0.0242234,0.497073,0.0715024,0,0
0.289713,0.766961,0.165569,0.498275,0.0636276,0,0
0.0229465,0.920424,0.327246,0.498575,0.0613285,0,0
0.329488,0.891826,0.856188,0.499292,0.0545807,0,0
0.663934,0.470517,0.935104,0.499351,0.0579517,0,0
0.0486897,0.41236,0.690324,0.499724,0.010333,0,0
0.780037,0.458142,0.873565,0.500136,0.056962,0,0
0.146503,0.0262505,0.182482,0.50102,0.025443,0,0
0.436126,0.485246,0.921893,0.501319,0.0583728,0,0
0.105915,0.655232,0.590461,0.501547,0.0390186,0,0
0.049517,0.430678,0.693603,0.501763,0.00829451,0,0
0.120832,0.494331,0.155098,0.50178,0.0443517,0,0
0.889294,0.552269,0.628595,0.501904,0.0386441,0,0
0.788807,0.43966,0.71078,0.503187,0.0271496,0,0
0.847159,0.546504,0.690957,0.503709,0.036839,0,0
0.0524687,0.379368,0.806846,0.503834,0.0380186,0,0
0.337754,0.480289,0.343607,0.5055,0.0443628,0,0
0.571265,0.641024,0.680599,0.505521,0.0577362,0,0
0.0643109,0.275542,0.992245,0.505669,0.0300969,0,0
0.620573,0.866886,0.790283,0.506783,0.0208908,0,0
0.740474,0.548115,0.767522,0.506796,0.0490702,0,0
0.586492,0.312851,0.670151,0.506808,0.0522178,0,0
0.406124,0.456776,0.693468,0.507209,0.0333756,0,0
0.0709487,0.717889,0.05496,0.507263,0.0565601,0,0
0.651173,0.0242205,0.00645623,0.507461,0.0635015,0,0
0.777432,0.863561,0.736493,0.50849,0.040244,0,0
0.0163806,0.293286,0.571505,0.508548,0.0324111,0,0
0.296022,0.156653,0.79252,0.508893,0.0559597,0,0
0.570396,0.537663,0.723032,0.509259,0.0157686,0,0
0.554842,0.273623,0.0144969,0.509473,0.0366273,0,0
0.0755831,0.616622,0.639172,0.510421,0.0301444,0,0
0.764604,0.966909,0.0803341,0.510844,0.0503554,0,0
0.0267382,0.103811,0.535582,0.510854,0.0435149,0,0
0.0792338,0.238067,0.807134,0.51097,0.0150933,0,0
0.183715,0.868365,0.678112,0.511137,0.0149189,0,0
0.440893,0.626634,0.146641,0.511703,0.0246618,0,0
0.418778,0.139959,0.58209,0.511974,0.0481279,0,0
0.441372,0.281852,0.336266,0.512303,0.0333321,0,0
0.875453,0.240072,0.126188,0.513075,0.0340815,0,0
0.862481,0.712817,0.781993,0.513295,0.0471486,0,0
0.940863,0.0750378,0.168547,0.513635,0.0409856,0,0
0.193421,0.0137543,0.153493,0.513671,0.0219495,0,0
0.0465462,0.984777,0.683109,0.51395,0.0305085,0,0
0.166583,0.193926,0.372993,0.514028,0.0126736,0,0
0.546891,0.830123,0.536555,0.51419,0.0200808,0,0
0.0351139,0.442336,0.107043,0.514332,0.0422184,0,0
0.0522158,0.0698596,0.926896,0.514942,0.0641318,0,0
0.0523807,0.932906,0.870902,0.515044,0.0545856,0,0
0.836411,0.544646,0.925909,0.515106,0.0426114,0,0
0.61942,0.241819,0.519347,0.515366,0.0163803,0,0
0.925374,0.880767,0.333525,0.515721,0.0441817,0,0
0.146274,0.220366,0.511457,0.515732,0.0606325,0,0
0.91094,0.194032,0.321574,0.515791,0.0492939,0,0
0.944142,0.49365,0.706434,0.515841,0.0475178,0,0
0.175846,0.881491,0.188063,0.516406,0.0451337,0,0
0.654289,0.754801,0.682319,0.516581,0.0270953,0,0
0.0312678,0.436775,0.822044,0.516816,0.0250371,0,0
0.0679253,0.0357031,0.238387,0.516874,0.0348071,0,0
0.997363,0.452526,0.640946,0.517002,0.0310139,0,0
0.49691,0.568267,0.453761,0.517579,0.045285,0,0
0.349285,0.823512,0.234959,0.518003,0.0438991,0,0
0.590339,0.888733,0.513889,0.518167,0.000807354,0,0
0.00669686,0.344586,0.587644,0.518727,0.0222326,0,0
0.11117,0.90787,0.966339,0.518996,0.0436016,0,0
0.357506,0.927069,0.720522,0.519135,0.020835,0,0
0.369832,0.673868,0.815614,0.519143,0.0439121,0,0
0.454216,0.238694,0.766311,0.519212,0.0493749,0,0
0.878464,0.164096,0.678694,0.519577,0.0222316,0,0
0.293732,0.267624,0.0898357,0.519608,0.0361161,0,0
0.118119,0.0312936,0.195457,0.520293,0.00617081,0,0
0.137197,0.756973,0.990978,0.520333,0.0434897,0,0
0.614381,0.880797,0.513845,0.520338,0.00438981,0,0
0.662043,0.776101,0.596997,0.520536,0.0421634,0,0
0.929493,0.788843,0.118528,0.521048,0.0627192,0,0
0.00681688,0.174549,0.557263,0.521263,0.033106,0,0
0.934024,0.199171,0.0233073,0.52139,0.0439415,0,0
0.820305,0.191403,0.0783757,0.521614,0.0351225,0,0
0.963587,0.882768,0.411501,0.521624,0.0392253,0,0
0.524243,0.535967,0.750326,0.521861,0.0144839,0,0
0.634921,0.00396024,0.691437,0.522804,0.0357834,0,0
0.0519434,0.802512,0.358827,0.523035,0.0421274,0,0
0.746266,0.402768,0.385803,0.523264,0.0316403,0,0
0.846313,0.302424,0.098811,0.523639,0.0272607,0,0
0.617156,0.923035,0.858301,0.523839,0.035605,0,0
0.396101,0.480944,0.452155,0.524434,0.0492973,0,0
0.411298,0.592794,0.244759,0.524616,0.0158547,0,0
0.396512,0.978185,0.571604,0.525056,0.00522534,0,0
0.0460889,0.347997,0.362212,0.525114,0.0180606,0,0
0.245297,0.365355,0.562549,0.525725,0.0359243,0,0
0.261299,0.934928,0.169279,0.525926,0.0460689,0,0
0.628329,0.610078,0.240868,0.525951,0.0434344,0,0
0.963514,0.924608,0.816669,0.526142,0.0379367,0,0
0.99762,0.942431,0.751378,0.526228,0.0348738,0,0
0.907576,0.43894,0.482441,0.526265,0.0478973,0,0
0.747973,0.376631,0.874,0.526468,0.0306302,0,0
0.440005,0.592116,0.146577,0.526497,0.00986777,0,0
0.230647,0.291262,0.128507,0.526739,0.0322655,0,0
0.157383,0.122347,0.870363,0.52763,0.0276208,0,0
0.434553,0.276647,0.845655,0.527837,0.0407498,0,0
0.972292,0.851033,0.925914,0.528148,0.0311705,0,0
0.398607,0.721103,0.871565,0.528293,0.0347618,0,0
0.781457,0.443361,0.738595,0.528478,0.00185816,0,0
0.269031,0.446874,0.0897552,0.528631,0.0204682,0,0
0.669982,0.663319,0.612562,0.528671,0.0358774,0,0
0.0729345,0.497855,0.328154,0.528974,0.0231943,0,0
0.258912,0.318872,0.0806423,0.529204,0.0265203,0,0
0.235251,0.507355,0.0732602,0.529297,0.035273,0,0
0.993711,0.929742,0.588423,0.529828,0.0281591,0,0
0.0414035,0.00101656,0.399628,0.529938,0.0392615,0,0
0.252862,0.991448,0.93781,0.530104,0.0135219,0,0
0.029553,0.258226,0.909466,0.530181,0.0242487,0,0
0.234176,0.963319,0.42515,0.530312,0.0428309,0,0
0.42954,0.474198,0.725756,0.530436,0.0101487,0,0
0.405159,0.973529,0.609875,0.53076,0.00048075,0,0
0.772624,0.306671,0.453895,0.531088,0.0270611,0,0
0.794439,0.827708,0.817727,0.531203,0.0338469,0,0
0.358933,0.256028,0.741979,0.531359,0.0438548,0,0
0.570011,0.364972,0.612027,0.531453,0.0225823,0,0
0.720356,0.831822,0.157873,0.531744,0.0383719,0,0
0.869176,0.841625,0.522877,0.531778,0.0210024,0,0
0.247184,0.304146,0.903849,0.531868,0.0478491,0,0
0.0903435,0.952354,0.276249,0.532168,0.0283769,0,0
0.692122,0.518172,0.342974,0.532375,0.0323792,0,0
0.843525,0.321833,0.84529,0.532621,0.0368832,0,0
0.198121,0.144012,0.151732,0.53268,0.0348568,0,0
0.0257521,0.00939233,0.0828819,0.532821,0.0431646,0,0
0.0196742,0.926153,0.104913,0.53283,0.0326164,0,0
0.234981,0.997756,0.598291,0.533017,0.040364,0,0
0.930437,0.520007,0.360106,0.533155,0.0371995,0,0
0.329221,0.15748,0.208372,0.533195,0.0404108,0,0
0.996762,0.691813,0.543419,0.534193,0.0400664,0,0
0.954663,0.500547,0.110718,0.534262,0.0122666,0,0
0.460126,0.850854,0.94348,0.534336,0.0522979,0,0
0.578527,0.947205,0.498594,0.534571,0.00184203,0,0
0.45692,0.799525,0.240908,0.534582,0.0323615,0,0
0.101143,0.318623,0.719731,0.534648,0.0369867,0,0
0.186355,0.951335,0.201885,0.534703,0.0266815,0,0
0.817559,0.877846,0.493916,0.534751,0.0332087,0,0
0.556313,0.802515,0.832528,0.534821,0.0118913,0,0
0.0331676,0.37025,0.549035,0.534824,0.018644,0,0
0.250056,0.0518235,0.270308,0.535035,0.0352096,0,0
0.795388,0.146906,0.93758,0.535119,0.0546258,0,0
0.424423,0.687046,0.65245,0.535127,0.0294337,0,0
0.867827,0.66411,0.720028,0.535268,0.028513,0,0
0.569001,0.930169,0.0836057,0.535334,0.0412341,0,0
0.959668,0.823251,0.808868,0.535496,0.0461878,0,0
0.159778,0.850078,0.771872,0.535545,0.00284912,0,0
0.279778,0.16357,0.575434,0.535732,0.0477001,0,0
0.79489,0.874042,0.297228,0.535742,0.0424372,0,0
0.368991,0.733219,0.0446325,0.535926,0.040448,0,0
0.266976,0.115561,0.291834,0.536085,0.0318554,0,0
0.234443,0.758346,0.534919,0.536105,0.0131825,0,0
0.56248,0.734947,0.186649,0.536129,0.0385298,0,0
0.264698,0.42058,0.0206678,0.536135,0.00675563,0,0
0.377263,0.562864,0.0172286,0.536295,0.0504898,0,0
0.596456,0.538756,0.660049,0.536367,0.0205311,0,0
0.444574,0.418028,0.390552,0.536586,0.0188896,0,0
0.864205,0.49035,0.943935,0.536724,0.0209926,0,0
0.842553,0.230346,0.319419,0.536917,0.0281673,0,0
0.795273,0.622229,0.529988,0.536951,0.0327386,0,0
0.226737,0.768748,0.79468,0.537081,0.0468469,0,0
0.0170554,0.259154,0.815661,0.537127,0.0200258,0,0
0.0515579,0.838917,0.427478,0.537204,0.0317695,0,0
0.95909,0.896437,0.949744,0.537539,0.0217792,0,0
0.923273,0.925389,0.00895891,0.537574,0.0374907,0,0
0.0124687,0.0629628,0.820928,0.537819,0.0452554,0,0
0.247907,0.000164407,0.753539,0.537979,0.0349961,0,0
0.176586,0.388871,0.0303755,0.53805,0.00755204,0,0
0.539027,0.0364297,0.87754,0.538139,0.041178,0,0
0.350586,0.906417,0.512381,0.538241,0.0277518,0,0
0.383371,0.106306,0.632189,0.538258,0.0218438,0,0
0.944752,0.351769,0.423591,0.538291,0.0200683,0,0
0.815504,0.398303,0.0523789,0.538399,0.0335169,0,0
0.29101,0.598416,0.113124,0.538413,0.0450769,0,0
0.624288,0.621462,0.612264,0.538458,0.026091,0,0
0.0438761,0.0175754,0.585015,0.538572,0.0287366,0,0
0.0182906,0.247464,0.314809,0.538596,0.0177212,0,0
0.457193,0.602265,0.180955,0.539046,0.00889501,0,0
0.387536,0.280563,0.898305,0.539251,0.0296411,0,0
0.97382,0.52025,0.264532,0.539574,0.0126355,0,0
0.113377,0.255219,0.743933,0.539661,0.0225809,0,0
0.240625,0.932272,0.752442,0.539681,0.0324011,0,0
0.896054,0.200999,0.603686,0.539792,0.00926491,0,0
0.254516,0.161489,0.172485,0.539812,0.0277245,0,0
0.373043,0.482678,0.255856,0.539857,0.0301273,0,0
0.581516,0.711508,0.56129,0.539862,0.0357517,0,0
0.418179,0.310606,0.348299,0.540114,0.00552089,0,0
0.14667,0.381988,0.711479,0.540168,0.0321473,0,0
0.029522,0.911139,0.655243,0.540206,0.0271488,0,0
0.926623,0.351997,0.0252858,0.540291,0.0138964,0,0
0.581397,0.810678,0.566372,0.540687,0.00906549,0,0
0.590358,0.939398,0.73943,0.540689,0.0258605,0,0
0.0013605,0.23121,0.983717,0.540847,0.0211437,0,0
0.871722,0.969214,0.798868,0.541009,0.00382945,0,0
0.811735,0.552331,0.734385,0.541037,0.00950847,0,0
0.239043,0.285146,0.448751,0.541038,0.0191192,0,0
0.305377,0.362498,0.450661,0.541273,0.0360348,0,0
0.597816,0.159809,0.69068,0.541443,0.0339109,0,0
0.67602,0.901749,0.239592,0.541734,0.00625062,0,0
0.861928,0.724131,0.499297,0.542246,0.0171734,0,0
0.104986,0.746995,0.704801,0.542269,0.0355065,0,0
0.859115,0.784567,0.601742,0.542319,0.0400833,0,0
0.0663457,0.680604,0.955256,0.542436,0.0356866,0,0
0.668885,0.829953,0.0095967,0.542468,0.0261073,0,0
0.361401,0.592098,0.659841,0.542562,0.0243301,0,0
0.928745,0.369629,0.450084,0.542692,0.0156674,0,0
0.68066,0.016549,0.537392,0.542805,0.00688826,0,0
0.322957,0.135043,0.141095,0.542821,0.0307847,0,0
0.771663,0.47482,0.0290828,0.542898,0.037521,0,0
0.69138,0.568968,0.962451,0.542975,0.0310879,0,0
0.579548,0.418835,0.977434,0.543374,0.0318024,0,0
0.928479,0.612499,0.712455,0.543425,0.033599,0,0
0.373004,0.291015,0.511818,0.543445,0.0310573,0,0
0.976621,0.611795,0.545978,0.543468,0.0246288,0,0
0.0826078,0.573895,0.865232,0.543488,0.0441944,0,0
0.356779,0.833309,0.919556,0.543504,0.0231283,0,0
0.68364,0.677797,0.476527,0.543527,0.050129,0,0
0.0111116,0.861321,0.386869,0.543574,0.0178577,0,0
0.35041,0.182938,0.499886,0.543845,0.0416812,0,0
0.552289,0.451544,0.63317,0.543914,0.0206382,0,0
0.420548,0.218974,0.56008,0.544114,0.0249512,0,0
0.0230103,0.281271,0.339491,0.544218,0.0108312,0,0
0.227555,0.838261,0.970119,0.544374,0.0380177,0,0
0.965623,0.353337,0.762708,0.544545,0.0131232,0,0
0.232836,0.234887,0.561271,0.544586,0.0360344,0,0
0.73608,0.897877,0.711684,0.544632,0.0115221,0,0
0.826095,0.0414156,0.844501,0.544637,0.0123126,0,0
0.780673,0.772834,0.0273329,0.54465,0.0340873,0,0
0.639987,0.564375,0.0184072,0.544911,0.0199386,0,0
0.933936,0.692397,0.773582,0.545079,0.0180807,0,0
0.0382648,0.940713,0.152303,0.545115,0.0203315,0,0
0.791745,0.364759,0.903674,0.545137,0.0177649,0,0
0.00238026,0.146231,0.874802,0.545333,0.034395,0,0
0.272191,0.839766,0.301179,0.545513,0.0377058,0,0
0.448433,0.619492,0.847931,0.545551,0.0279386,0,0
0.820687,0.875197,0.367458,0.545788,0.0323904,0,0
0.787307,0.806326,0.204995,0.545911,0.00982612,0,0
0.0376278,0.576825,0.618531,0.545981,0.0115903,0,0
0.307519,0.0696739,0.514659,0.546002,0.0445785,0,0
0.38813,0.231443,0.618692,0.546007,0.0331191,0,0
0.91702,0.91745,0.231805,0.546045,0.0390656,0,0
0.434742,0.488881,0.62878,0.546167,0.0193615,0,0
0.574203,0.762807,0.60077,0.546222,0.0269251,0,0
0.2892,0.515434,0.280889,0.546282,0.022986,0,0
0.981721,0.34486,0.778846,0.546472,0.0111968,0,0
0.702095,0.908742,0.288818,0.546537,0.0048732,0,0
0.123464,0.120156,0.272848,0.546571,0.0279494,0,0
0.494017,0.924814,0.661085,0.54749,0.0161274,0,0
0.387993,0.613378,0.687176,0.547551,0.0193412,0,0
0.704871,0.323504,0.0202207,0.547563,0.0245316,0,0
0.77788,0.414605,0.593796,0.547569,0.0291053,0,0
0.941927,0.622453,0.40876,0.547807,0.0206481,0,0
0.79707,0.764818,0.63821,0.547856,0.0230337,0,0
0.398284,0.71711,0.104943,0.547865,0.0285084,0,0
0.108739,0.111614,0.704217,0.547995,0.0128453,0,0
0.799743,0.828662,0.548192,0.548063,0.0293733,0,0
0.0442629,0.525367,0.651738,0.548081,0.0281124,0,0
0.902497,0.788974,0.41741,0.548149,0.00477533,0,0
0.52452,0.282212,0.651058,0.548159,0.0151849,0,0
0.818165,0.786625,0.67237,0.548235,0.0226545,0,0
0.839501,0.736755,0.487429,0.548252,0.0111672,0,0
0.645196,0.862673,0.838164,0.548325,0.00623185,0,0
0.537291,0.699274,0.91967,0.548361,0.0182938,0,0
0.673099,0.414189,0.133771,0.548395,0.0430121,0,0
0.732619,0.949851,0.339973,0.548398,0.0107736,0,0
0.78336,0.689338,0.405579,0.548552,0.0412949,0,0
0.798109,0.219855,0.00627493,0.54863,0.0268057,0,0
0.720429,0.0287294,0.763363,0.54865,0.027364,0,0
0.778839,0.664732,0.659265,0.548786,0.0404344,0,0
0.375825,0.488629,0.124999,0.548805,0.0336117,0,0
0.920079,0.721709,0.774323,0.54881,0.0116341,0,0
0.585943,0.767392,0.237011,0.548849,0.0258091,0,0
0.40675,0.365642,0.91751,0.548948,0.0378039,0,0
0.749682,0.337628,0.480301,0.548967,0.00341726,0,0
0.136223,0.162238,0.168598,0.548973,0.0252002,0,0
0.801618,0.289358,0.623123,0.549014,0.0316299,0,0
0.596325,0.928961,0.781069,0.549071,0.0124946,0,0
0.384936,0.786892,0.277105,0.549113,0.0175671,0,0
0.9087,0.540628,0.409967,0.549382,0.0209716,0,0
0.484998,0.0589517,0.837164,0.549386,0.0299309,0,0
0.208852,0.66099,0.190564,0.549419,0.0289059,0,0
0.99373,0.371178,0.231308,0.549596,0.0245802,0,0
0.0474712,0.712246,0.190115,0.549939,0.018068,0,0
0.232552,0.79943,0.910962,0.549995,0.0326588,0,0
0.41641,0.271346,0.483313,0.55003,0.0244713,0,0
0.581481,0.507908,0.305786,0.55018,0.035359,0,0
0.604358,0.511225,0.669808,0.550315,0.00815547,0,0
0.987638,0.162716,0.0321717,0.55069,0.0180684,0,0
0.357846,0.909086,0.227867,0.550704,0.0267958,0,0
0.483496,0.0807858,0.241833,0.550736,0.00708507,0,0
0.0892445,0.830857,0.208534,0.550788,0.0340014,0,0
0.669097,0.021903,0.711619,0.550813,0.00777404,0,0
0.908597,0.0942856,0.0139176,0.55087,0.0314666,0,0
0.498428,0.722523,0.31704,0.550875,0.00421129,0,0
0.729563,0.0658386,0.727414,0.550911,0.0251036,0,0
0.694143,0.716855,0.703432,0.551299,0.0121109,0,0
0.363508,0.89501,0.903904,0.551348,0.00331626,0,0
0.788088,0.718549,0.600899,0.55139,0.02829,0,0
0.823509,0.699092,0.867832,0.551551,0.0285049,0,0
0.703563,0.361467,0.214394,0.551659,0.0296528,0,0
0.92692,0.49475,0.892882,0.55185,0.0329308,0,0
0.321437,0.751669,0.608244,0.551895,0.0114508,0,0
0.920346,0.238525,0.627258,0.5519,0.019214,0,0
0.158111,0.658302,0.357712,0.55205,0.0104933,0,0
0.375403,0.102048,0.402403,0.552082,0.0502633,0,0
0.653343,0.0453066,0.0860355,0.552109,0.0188527,0,0
0.72309,0.776791,0.169747,0.552124,0.0179918,0,0
0.903484,0.379321,0.995911,0.552163,0.0172202,0,0
0.378916,0.892247,0.829296,0.552183,0.00169014,0,0
0.183388,0.129778,0.0563753,0.552205,0.0390032,0,0
0.850777,0.891544,0.555909,0.55229,0.0210549,0,0
0.231285,0.145429,0.284149,0.552626,0.0153149,0,0
0.260752,0.37984,0.395052,0.55268,0.0111257,0,0
0.716953,0.283343,0.23684,0.55278,0.00176906,0,0
0.632303,0.825013,0.13502,0.55279,0.0350889,0,0
0.23515,0.358318,0.0535297,0.552858,0.0148922,0,0
0.310804,0.995163,0.549435,0.552867,0.0311657,0,0
0.490245,0.0321387,0.207552,0.552903,0.00181025,0,0
0.579918,0.611194,0.177335,0.552935,0.0155904,0,0
0.809027,0.607018,0.849979,0.552953,0.0320796,0,0
0.0381918,0.669969,0.336134,0.553032,0.0145529,0,0
0.873764,0.798059,0.855175,0.553034,0.017717,0,0
0.934836,0.677123,0.912832,0.553052,0.0473891,0,0
0.209308,0.361874,0.588312,0.553177,0.00847261,0,0
0.677367,0.299475,0.155874,0.553249,0.0115807,0,0
0.712841,0.898826,0.10509,0.553419,0.0181616,0,0
0.436409,0.990642,0.227071,0.553493,0.0165887,0,0
0.742005,0.341769,0.00816822,0.553523,0.0185707,0,0
0.757585,0.963059,0.0228745,0.55354,0.00765934,0,0
0.42064,0.10755,0.901063,0.553554,0.0358245,0,0
0.610878,0.320583,0.357007,0.553666,0.00654997,0,0
0.0960588,0.660573,0.67625,0.553687,0.0088861,0,0
0.748101,0.498086,0.153318,0.553939,0.00736939,0,0
0.302005,0.516948,0.0144336,0.55403,0.0244255,0,0
0.0438954,0.157273,0.584908,0.554094,0.0082701,0,0
0.0645559,0.232691,0.026457,0.554263,0.00311972,0,0
0.525532,0.635034,0.220404,0.554273,0.0238698,0,0
0.684614,0.152282,0.819517,0.554381,0.0208656,0,0
0.890456,0.0119114,0.900087,0.554595,0.0338918,0,0
0.113828,0.151838,0.987128,0.554647,0.0251015,0,0
0.919244,0.278494,0.23323,0.554754,0.0349701,0,0
0.451751,0.541793,0.128935,0.554992,0.0130542,0,0
0.139386,0.0846055,0.892638,0.555026,0.00998989,0,0
0.402532,0.521338,0.774158,0.555071,0.0240632,0,0
0.00772978,0.463944,0.266334,0.555088,0.0207794,0,0
0.72158,0.136465,0.618634,0.555204,0.00188923,0,0
0.766997,0.531296,0.0558978,0.555248,0.025171,0,0
0.0282271,0.349752,0.216125,0.555401,0.0187752,0,0
0.509232,0.0398022,0.966002,0.555766,0.0180618,0,0
0.763519,0.289239,0.107228,0.555829,0.0260339,0,0
0.351117,0.999141,0.294774,0.555855,0.0280979,0,0
0.025291,0.814785,0.936971,0.555996,0.0186531,0,0
0.48208,0.807088,0.275278,0.556045,0.010899,0,0
0.70308,0.438489,0.686711,0.556077,0.0180794,0,0
0.742434,0.914128,0.109746,0.556103,0.00955134,0,0
0.851372,0.663534,0.149902,0.556147,0.0259645,0,0
0.276033,0.713199,0.36527,0.556153,0.0183551,0,0
0.485904,0.558061,0.718098,0.556163,0.0102199,0,0
0.0523725,0.390625,0.246337,0.556169,0.0123734,0,0
0.312,0.594198,0.206839,0.556186,0.0307307,0,0
0.532771,0.0357069,0.478352,0.556368,0.000813543,0,0
0.837485,0.355121,0.882076,0.55641,0.0130944,0,0
0.44604,0.343874,0.84072,0.556414,0.0199018,0,0
0.973129,0.0448622,0.463486,0.556488,0.0309109,0,0
0.412447,0.841522,0.854283,0.556533,0.0198982,0,0
0.898381,0.947333,0.391034,0.556648,0.0255448,0,0
0.840586,0.341146,0.472114,0.556674,0.0142806,0,0
0.125628,0.0356916,0.9844,0.556767,0.0287452,0,0
0.539173,0.328429,0.713615,0.556866,0.00802708,0,0
0.265249,0.950761,0.60879,0.556869,0.0165117,0,0
0.288942,0.0826839,0.224772,0.556999,0.0227006,0,0
0.505654,0.641203,0.752808,0.557027,0.0212447,0,0
0.0917455,0.653542,0.0535802,0.557028,0.00893683,0,0
0.630519,0.338029,0.619614,0.557038,0.010684,0,0
0.484612,0.863187,0.76952,0.557146,0.022008,0,0
0.902876,0.280702,0.319976,0.557231,0.0228092,0,0
0.872421,0.493739,0.209971,0.557266,0.0167658,0,0
0.307881,0.67806,0.954784,0.557346,0.0467982,0,0
0.306313,0.894068,0.549531,0.557406,0.019967,0,0
0.0427274,0.883819,0.0991216,0.557432,0.0119742,0,0
0.552505,0.899398,0.443128,0.557485,0.0164704,0,0
0.664461,0.733224,0.287752,0.557502,0.0424067,0,0
0.579011,0.959215,0.800629,0.557515,0.0157636,0,0
0.693008,0.47875,0.339618,0.557558,0.00719555,0,0
0.263461,0.0541795,0.911986,0.557599,0.0179171,0,0
0.919987,0.0904995,0.622569,0.557804,0.0122936,0,0
0.34758,0.40061,0.830585,0.557917,0.0349199,0,0
0.895628,0.593815,0.108088,0.557941,0.0120345,0,0
0.310507,0.688242,0.178204,0.558056,0.0113065,0,0
0.521449,0.135676,0.0334057,0.558176,0.0406412,0,0
0.770703,0.350779,0.021021,0.558235,0.0139989,0,0
0.49611,0.603524,0.0914541,0.558316,0.00495953,0,0
0.810978,0.292705,0.487368,0.558334,0.0127703,0,0
0.289561,0.142624,0.973671,0.55836,0.021165,0,0
0.275317,0.664701,0.129948,0.558403,0.0245555,0,0
0.751917,0.76181,0.929594,0.558423,0.0200814,0,0
0.23103,0.215288,0.0209378,0.558495,0.0266394,0,0
0.865819,0.107318,0.981402,0.558512,0.0238243,0,0
0.0744666,0.832922,0.592881,0.558524,0.0314688,0,0
0.461395,0.944555,0.0122106,0.558534,0.0200426,0,0
0.736881,0.79833,0.923055,0.558553,0.019951,0,0
0.223675,0.847929,0.7431,0.55872,0.00378019,0,0
0.0201223,0.0785494,0.151905,0.558871,0.017914,0,0
0.868133,0.796988,0.402503,0.558884,0.0137387,0,0
0.635867,0.496295,0.641011,0.558987,0.00943191,0,0
0.946895,0.339569,0.707544,0.559025,0.0226908,0,0
0.364522,0.684934,0.87796,0.559058,0.00967202,0,0
0.0222234,0.885326,0.684683,0.559087,0.0104733,0,0
0.457217,0.455711,0.968359,0.559106,0.000586102,0,0
0.34829,0.886456,0.314651,0.559171,0.00220293,0,0
0.654942,0.344533,0.0863017,0.559184,0.024697,0,0
0.654422,0.368308,0.0430238,0.559197,0.0246844,0,0
0.845094,0.147517,0.385753,0.559243,0.0277896,0,0
0.117131,0.14958,0.611396,0.559417,0.0364671,0,0
0.985838,0.0724578,0.0520227,0.559506,0.0270127,0,0
0.102658,0.045776,0.66756,0.559706,0.0192856,0,0
0.461961,0.331665,0.77258,0.559791,0.0257079,0,0
0.728019,0.0569202,0.839472,0.559857,0.0346063,0,0
0.109903,0.124629,0.0226533,0.55993,0.0198177,0,0
0.213967,0.387357,0.0091753,0.559999,0.00701575,0,0
0.895179,0.291518,0.750703,0.560097,0.019242,0,0
0.900187,0.568656,0.269229,0.560185,0.0190438,0,0
0.318874,0.674222,0.829842,0.560312,0.00586927,0,0
0.532837,0.469381,0.0494999,0.560356,0.0358841,0,0
0.0109115,0.808943,0.380601,0.560395,0.00476739,0,0
0.424388,0.0327353,0.813993,0.560402,0.0196659,0,0
0.513602,0.423679,0.230883,0.560438,0.0403487,0,0
0.255613,0.156426,0.241878,0.560552,0.0187768,0,0
0.00745795,0.299526,0.517687,0.560636,0.00141039,0,0
0.946385,0.832079,0.94498,0.560645,0.00241897,0,0
0.902295,0.662656,0.407722,0.560728,0.0217709,0,0
0.379789,0.0749299,0.938785,0.560738,0.0117427,0,0
0.788045,0.778395,0.956675,0.560742,0.0228905,0,0
0.647357,0.952831,0.972127,0.560819,0.0129741,0,0
0.306347,0.697536,0.402035,0.56091,0.00330466,0,0
0.915263,0.443277,0.592593,0.561028,0.0258512,0,0
0.816791,0.817912,0.418105,0.561058,0.0277106,0,0
0.0264887,0.837396,0.102187,0.561102,0.0228031,0,0
0.812799,0.197027,0.290089,0.561155,0.0146007,0,0
0.197918,0.926249,0.40457,0.561302,0.0123993,0,0
0.812549,0.0161188,0.223409,0.561521,0.0287112,0,0
0.166607,0.508185,0.0253506,0.561567,0.018043,0,0
0.728768,0.708305,0.644212,0.561594,0.0237913,0,0
0.954861,0.156586,0.477054,0.561631,0.0279428,0,0
0.560555,0.982852,0.0662739,0.561703,0.0148659,0,0
0.86452,0.832741,0.977033,0.561775,0.0392022,0,0
0.52992,0.282652,0.727637,0.561794,0.0155679,0,0
0.290002,0.114335,0.923354,0.561908,0.0270892,0,0
0.828448,0.639628,0.545218,0.56199,0.00769932,0,0
0.95363,0.252877,0.485586,0.561997,0.0275603,0,0
0.550382,0.993954,0.0306672,0.562032,0.0191652,0,0
0.76064,0.271101,0.572763,0.562035,0.0261778,0,0
0.769634,0.559316,0.902993,0.562407,0.0124034,0,0
0.36026,0.323763,0.731368,0.562471,0.0187309,0,0
0.519779,0.868104,0.874962,0.562537,0.0185706,0,0
0.587619,0.118183,0.103186,0.562622,0.00909419,0,0
0.37692,0.928523,0.480672,0.562627,0.0111929,0,0
0.598979,0.959459,0.125477,0.562687,0.0144003,0,0
0.43875,0.923622,0.993885,0.562747,0.0158297,0,0
0.435903,0.587114,0.447102,0.562773,0.00950179,0,0
0.392543,0.952822,0.819504,0.562795,0.0157937,0,0
0.0156384,0.558272,0.652311,0.562869,0.0137413,0,0
0.441921,0.712897,0.868034,0.562977,0.00477144,0,0
0.0548115,0.83005,0.137499,0.562987,0.021987,0,0
0.0466004,0.732187,0.178662,0.563062,0.00494457,0,0
0.704263,0.118347,0.835879,0.563111,0.0168799,0,0
0.879576,0.0984165,0.820324,0.563129,0.0141081,0,0
0.207696,0.318939,0.591308,0.563199,0.0144119,0,0
0.908153,0.836382,0.621693,0.563264,0.0265664,0,0
0.760157,0.687945,0.134299,0.563285,0.0206569,0,0
0.502221,0.836713,0.166853,0.563475,0.0294974,0,0
0.913725,0.767995,0.579077,0.563479,0.0190352,0,0
0.602063,0.893438,0.690026,0.563601,0.00689663,0,0
0.515297,0.28465,0.668949,0.563711,0.00236154,0,0
0.597405,0.0869693,0.656733,0.563726,0.00319006,0,0
0.0878054,0.455337,0.10283,0.563767,0.00250041,0,0
0.952747,0.903117,0.45703,0.56382,0.00441895,0,0
0.514015,0.656523,0.857223,0.56382,0.00220195,0,0
0.526161,0.742544,0.705325,0.563921,0.0183713,0,0
0.780064,0.225814,0.938824,0.56398,0.0257655,0,0
0.890012,0.188883,0.0235371,0.564075,0.00125676,0,0
0.310292,0.900299,0.923596,0.564078,0.0029068,0,0
0.991358,0.761394,0.403053,0.564121,0.0177651,0,0
0.189874,0.2713,0.0082207,0.564269,0.01982,0,0
0.412239,0.377588,0.133013,0.564505,0.0268184,0,0
0.943521,0.504762,0.0569206,0.564838,0.0101752,0,0
0.348859,0.541881,0.635337,0.564929,0.0174502,0,0
0.272753,0.266979,0.811328,0.565142,0.0290305,0,0
0.482553,0.0400073,0.964297,0.565155,0.00867285,0,0
0.45322,0.1938,0.818994,0.565174,0.0116309,0,0
0.989182,0.86934,0.0548637,0.565263,0.0245954,0,0
0.445501,0.230921,0.982928,0.565292,0.027932,0,0
0.155258,0.78675,0.0757272,0.56538,0.00809146,0,0
0.378298,0.0725393,0.683746,0.565407,0.0173448,0,0
0.29844,0.167694,0.99678,0.565457,0.014068,0,0
0.697802,0.780807,0.936002,0.565459,0.0189182,0,0
0.717171,0.788827,0.0420275,0.565508,0.0231279,0,0
0.108291,0.491641,0.843822,0.565517,0.0159361,0,0
0.14352,0.797547,0.0772457,0.565542,0.00792995,0,0
0.241741,0.181322,0.7231,0.565578,0.00361,0,0
0.969822,0.207472,0.0683866,0.565607,0.00697175,0,0
0.322253,0.650332,0.612943,0.565609,0.00352532,0,0
0.48749,0.519359,0.628557,0.565721,0.0206831,0,0
0.170571,0.479979,0.900721,0.565779,0.00475342,0,0
0.307863,0.461845,0.42566,0.565844,0.0144556,0,0
0.889754,0.406126,0.314856,0.565893,0.0285677,0,0
0.100988,0.123304,0.954094,0.565909,0.0131649,0,0
0.116017,0.64234,0.873819,0.565921,0.0271065,0,0
0.767315,0.761231,0.721228,0.565981,0.0156674,0,0
0.18107,0.531532,0.861351,0.56604,0.0312408,0,0
0.954867,0.718125,0.783793,0.566101,0.00684027,0,0
0.908971,0.404503,0.241484,0.566137,0.0375502,0,0
0.971059,0.47752,0.232008,0.566178,0.00218182,0,0
0.232152,0.729974,0.233361,0.566329,0.0141315,0,0
0.441604,0.749132,0.155331,0.566362,0.0223116,0,0
0.383326,0.127326,0.245393,0.566473,0.0194414,0,0
0.615243,0.553981,0.57784,0.566487,0.00727351,0,0
0.147775,0.937825,0.584007,0.566591,0.0237125,0,0
0.727885,0.824637,0.836369,0.566591,0.00932125,0,0
0.679203,0.147716,0.0902473,0.56662,0.0163249,0,0
0.00317974,0.170728,0.328631,0.566677,0.0222563,0,0
0.398204,0.994973,0.179424,0.566716,0.0240011,0,0
0.0950419,0.732872,0.977354,0.566782,0.00199232,0,0
0.391452,0.900008,0.910848,0.566845,0.00686313,0,0
0.442841,0.236896,0.187919,0.566857,0.010008,0,0
0.400277,0.664421,0.652635,0.566946,0.000635652,0,0
0.13031,0.915363,0.489012,0.566964,0.0246858,0,0
0.468576,0.342287,0.814842,0.567132,0.011817,0,0
0.708965,0.95493,0.658179,0.567168,0.0230396,0,0
0.264895,0.584485,0.024272,0.567183,0.0238464,0,0
0.793514,0.358905,0.018553,0.567194,0.00769129,0,0
0.206435,0.550916,0.722692,0.567201,0.0282266,0,0
0.564554,0.616833,0.173068,0.567203,0.00132264,0,0
0.226047,0.410187,0.858127,0.567369,0.0217459,0,0
0.326363,0.198358,0.233327,0.567385,0.00689436,0,0
0.600844,0.224169,0.746682,0.567405,0.0179061,0,0
0.97421,0.760223,0.223249,0.567606,0.0354268,0,0
0.277602,0.0992861,0.256558,0.567635,0.00436341,0,0
0.919166,0.999109,0.216353,0.567667,0.0191394,0,0
0.59819,0.208125,0.669603,0.567667,0.0115061,0,0
0.212842,0.562582,0.81988,0.567748,0.013662,0,0
0.16267,0.744588,0.234846,0.567776,0.0245019,0,0
0.708456,0.510904,0.468863,0.567822,0.00307889,0,0
0.148146,0.654277,0.148022,0.567867,0.021162,0,0
0.237325,0.579533,0.986678,0.567994,0.0230352,0,0
0.0981961,0.807881,0.100285,0.568017,0.021813,0,0
0.629383,0.583892,0.358738,0.56806,0.0282652,0,0
0.267637,0.995301,0.412825,0.568075,0.00506865,0,0
0.395069,0.491569,0.386683,0.568092,0.00499366,0,0
0.539606,0.428326,0.305601,0.568115,0.0317793,0,0
0.375529,0.994941,0.234408,0.568138,0.0234128,0,0
0.857433,0.788111,0.862062,0.568143,0.00260755,0,0
0.232141,0.640341,0.213956,0.568295,0.0100291,0,0
0.207594,0.200562,0.0543555,0.568382,0.0167522,0,0
0.201705,0.225884,0.743744,0.568422,0.0123662,0,0
0.737166,0.567588,0.0104793,0.568504,0.0204209,0,0
0.618975,0.874408,0.433337,0.568538,0.0157595,0,0
0.0870981,0.990069,0.330939,0.568568,0.0123833,0,0
0.430289,0.0228386,0.785159,0.568683,0.0113849,0,0
0.718142,0.221889,0.605238,0.568857,0.00027317,0,0
0.868603,0.244736,0.0564539,0.5691,0.00709981,0,0
0.965023,0.0892946,0.0873275,0.569224,0.0151692,0,0
0.236263,0.881208,0.784297,0.569305,0.0132582,0,0
0.49244,0.0856643,0.993671,0.569305,0.0212967,0,0
0.95657,0.515489,0.59732,0.569486,0.00761256,0,0
0.945546,0.545134,0.00315838,0.56956,0.0272162,0,0
0.207247,0.156067,0.114142,0.569577,0.00180966,0,0
0.626635,0.791727,0.308444,0.569641,0.0265157,0,0
0.327716,0.105931,0.831878,0.569806,0.00534266,0,0
0.90483,0.99068,0.151264,0.569826,0.0185772,0,0
0.114834,0.91644,0.604112,0.569896,0.0204079,0,0
0.580491,0.0876472,0.090282,0.569914,0.0133082,0,0
0.531661,0.127243,0.404655,0.569921,0.00260288,0,0
0.900307,0.351463,0.673793,0.569986,0.023892,0,0
0.784492,0.346276,0.632309,0.570083,0.0195378,0,0
0.174477,0.818303,0.240997,0.570283,0.014282,0,0
0.400577,0.196482,0.856282,0.570338,0.0226062,0,0
0.265984,0.915036,0.248848,0.570376,0.0188509,0,0
0.854018,0.781641,0.44592,0.570394,0.00163041,0,0
0.0752987,0.161618,0.439861,0.570413,0.0283568,0,0
0.789923,0.877518,0.0157472,0.570424,0.0232856,0,0
0.608593,0.795481,0.863355,0.57058,0.00597376,0,0
0.601686,0.722727,0.624022,0.570614,0.0147409,0,0
0.800089,0.441704,0.587627,0.570623,0.00626086,0,0
0.806505,0.692057,0.925526,0.570713,0.0206978,0,0
0.688564,0.302076,0.709402,0.570719,0.00912192,0,0
0.0260959,0.448533,0.484853,0.570779,0.00844576,0,0
0.449159,0.697128,0.714792,0.57078,0.0160855,0,0
0.775048,0.496356,0.940516,0.570793,0.00329672,0,0
0.536525,0.758024,0.449213,0.57088,0.0285195,0,0
0.530607,0.841773,0.435879,0.570945,0.0229461,0,0
0.893373,0.327508,0.390651,0.570964,0.0165014,0,0
0.947199,0.286691,0.522434,0.570965,0.0113284,0,0
0.837687,0.074358,0.466229,0.570992,0.00639365,0,0
0.472646,0.0111298,0.119784,0.571175,0.0295935,0,0
0.715484,0.145512,0.702981,0.571206,0.00546057,0,0
0.517129,0.887649,0.999645,0.571216,0.0158803,0,0
0.168682,0.542012,0.13711,0.57122,0.000232651,0,0
0.274068,0.0766436,0.573694,0.571226,0.0214938,0,0
0.678617,0.328242,0.805821,0.571231,0.00582929,0,0
0.215771,0.672838,0.635307,0.571301,0.0251007,0,0
0.400691,0.366326,0.685068,0.571367,0.0134214,0,0
0.39229,0.0768887,0.936625,0.571386,0.001094,0,0
0.38646,0.70632,0.196934,0.571454,0.00744036,0,0
0.446721,0.408345,0.430367,0.571533,0.0030426,0,0
0.496743,0.0164025,0.419747,0.571555,0.000602823,0,0
0.49935,0.569395,0.21435,0.571557,0.0152596,0,0
0.0848152,0.308592,0.445273,0.571558,0.0039034,0,0
0.328121,0.575169,0.275704,0.571581,0.0134473,0,0
0.752614,0.923255,0.220752,0.571599,0.0181631,0,0
0.793138,0.629462,0.268501,0.571705,0.0150743,0,0
0.839441,0.602161,0.752118,0.571748,0.00750757,0,0
0.83741,0.178769,0.477363,0.571819,0.0176892,0,0
0.41565,0.58369,0.950414,0.571882,0.0135181,0,0
0.83878,0.483488,0.546381,0.572038,0.0213117,0,0
0.62674,0.0674269,0.119238,0.572138,0.0117442,0,0
0.61866,0.53841,0.200515,0.572215,0.0182747,0,0
0.326262,0.689396,0.353118,0.572237,0.0120018,0,0
0.91293,0.59927,0.830184,0.572239,0.0354945,0,0
0.227897,0.122305,0.987284,0.572306,0.0171099,0,0
0.870097,0.477916,0.647841,0.57233,0.00437064,0,0
0.0534504,0.779586,0.0210379,0.57233,0.00374098,0,0
0.893437,0.520022,0.988019,0.572431,0.0124714,0,0
0.547362,0.659199,0.340849,0.572445,0.0110399,0,0
0.0897815,0.878118,0.604044,0.572453,0.0175397,0,0
0.923349,0.224403,0.856182,0.572511,0.0186471,0,0
0.342735,0.0562718,0.836846,0.57261,0.0196058,0,0
0.639683,0.556015,0.519305,0.572613,6.76501e-06,0,0
0.191175,0.62621,0.816287,0.57268,0.0311898,0,0
0.373767,0.662954,0.0753108,0.572691,0.0160443,0,0
0.23579,0.566761,0.56572,0.572742,0.0273812,0,0
0.243485,0.607265,0.611289,0.572803,0.0306958,0,0
0.0174577,0.0790388,0.415654,0.572828,0.0201412,0,0
0.0606538,0.0557736,0.58992,0.572906,0.00383699,0,0
0.576213,0.795423,0.693936,0.572949,0.00432701,0,0
0.870338,0.391042,0.865066,0.572998,0.0174892,0,0
0.374644,0.530848,0.585824,0.573,0.00942565,0,0
0.0454617,0.165826,0.0889218,0.573018,0.0270372,0,0
0.400856,0.353705,0.73836,0.573084,0.0201565,0,0
0.958546,0.883423,0.214598,0.573185,0.0146185,0,0
0.749713,0.773748,0.508876,0.573231,0.0294404,0,0
0.495377,0.872162,0.884037,0.573329,0.00777867,0,0
0.51554,0.883627,0.790802,0.573372,0.0132601,0,0
0.050282,0.970497,0.242456,0.573425,0.005561,0,0
0.724365,0.676613,0.133892,0.573492,0.00960852,0,0
0.415169,0.133114,0.162375,0.57353,0.0253848,0,0
0.0578104,0.838237,0.515321,0.573581,0.0105731,0,0
0.0149272,0.832194,0.564896,0.57359,0.0232572,0,0
0.797891,0.900766,0.572276,0.573611,0.0174014,0,0
0.69568,0.567047,0.00618758,0.573616,0.00667446,0,0
0.760358,0.776921,0.994104,0.573664,0.00507343,0,0
0.434497,0.234344,0.936904,0.573711,0.0195128,0,0
0.32117,0.376506,0.524562,0.573747,0.0187792,0,0
0.507342,0.734219,0.0230313,0.573761,0.0103848,0,0
0.490352,0.462379,0.180894,0.573778,0.0270096,0,0
0.683544,0.744085,0.87404,0.573982,0.0201686,0,0
0.213223,0.181241,0.86894,0.574062,0.00125845,0,0
0.201527,0.140253,0.981734,0.574149,0.0152671,0,0
0.648565,0.974743,0.863793,0.574166,0.00521054,0,0
0.278514,0.435651,0.456598,0.574303,0.0207934,0,0
0.586502,0.0226412,0.131903,0.57431,0.00465985,0,0
0.43319,0.348927,0.45305,0.574357,0.0187199,0,0
0.144691,0.938443,0.424004,0.574491,0.022386,0,0
0.30466,0.167151,0.371671,0.574507,0.0224738,0,0
0.642443,0.508598,0.332959,0.574523,0.00471331,0,0
0.513844,0.906385,0.710502,0.574525,0.0146551,0,0
0.211585,0.628743,0.292251,0.574538,0.0318198,0,0
0.696917,0.396756,0.224288,0.574552,0.00717746,0,0
0.902339,0.0577881,0.338882,0.574693,0.0116453,0,0
0.705188,0.945777,0.976929,0.57472,0.0162272,0,0
0.883017,0.404796,0.414237,0.57474,0.0158274,0,0
0.596484,0.951885,0.0133294,0.574741,0.0118307,0,0
0.37665,0.405769,0.256977,0.574749,0.0148574,0,0
0.213751,0.184272,0.861979,0.574761,0.000403861,0,0
0.0854194,0.550512,0.0458415,0.574767,0.0129556,0,0
0.390638,0.181638,0.343888,0.574775,0.0250558,0,0
0.231413,0.401031,0.0879258,0.574794,0.00658355,0,0
0.535488,0.87267,0.136284,0.574804,0.0227046,0,0
0.967205,0.355564,0.000636031,0.574843,0.00289011,0,0
0.141273,0.550542,0.0647766,0.574909,0.0176008,0,0
0.90823,0.179129,0.419075,0.574958,0.0197516,0,0
0.453403,0.855053,0.00689797,0.575021,0.0116132,0,0
0.841337,0.219979,0.27965,0.575061,0.0014861,0,0
0.00223969,0.625795,0.895553,0.575069,0.0318639,0,0
0.438217,0.784381,0.15004,0.575181,0.0134926,0,0
0.975585,0.7937,0.569365,0.575214,0.0112332,0,0
0.0149833,0.10481,0.869081,0.575253,0.00687557,0,0
0.590719,0.209447,0.683027,0.57526,0.00391344,0,0
0.884352,0.310158,0.870906,0.57529,0.0034617,0,0
0.103936,0.379835,0.643777,0.575315,0.00181735,0,0
0.264544,0.604919,0.738598,0.575365,0.0184787,0,0
0.649554,0.402509,0.324091,0.575485,0.0211251,0,0
0.152866,0.892645,0.292945,0.575581,0.0196424,0,0
0.420396,0.985222,0.71144,0.575613,0.0148291,0,0
0.349076,0.246173,0.264094,0.575627,0.0201016,0,0
0.225311,0.0773687,0.668278,0.575673,0.00451651,0,0
0.577237,0.809683,0.434116,0.575696,0.0218932,0,0
0.132935,0.436009,0.386908,0.57571,0.00492393,0,0
0.875437,0.250564,0.303515,0.57574,0.00146386,0,0
0.916371,0.454196,0.544799,0.575798,0.00763172,0,0
0.765099,0.947746,0.700127,0.575817,0.0126013,0,0
0.0787815,0.783539,0.457581,0.575836,0.0150135,0,0
0.866456,0.963795,0.307424,0.575837,0.0224926,0,0
0.47476,0.554481,0.552678,0.575863,0.0117559,0,0
0.557312,0.714479,0.492644,0.575875,0.0184176,0,0
0.0311571,0.503555,0.907625,0.575877,0.0033526,0,0
0.0580552,0.882378,0.508937,0.575965,0.0211082,0,0
0.968844,0.122355,0.831395,0.576219,0.0102118,0,0
0.997049,0.708808,0.478986,0.576231,0.0112701,0,0
0.19759,0.435853,0.060493,0.576238,0.00994177,0,0
0.406415,0.977865,0.0146306,0.576239,0.00461583,0,0
0.367926,0.526449,0.471328,0.576242,0.00252194,0,0
0.995443,0.41224,0.285875,0.576336,0.0176865,0,0
0.847998,0.00928699,0.292449,0.57651,0.0253274,0,0
0.598208,0.835399,0.461418,0.576512,0.00751853,0,0
0.329762,0.439613,0.570126,0.576545,0.026926,0,0
0.791044,0.611672,0.0452582,0.576556,0.0276096,0,0
0.848324,0.838473,0.562573,0.57658,7.40031e-05,0,0
0.786012,0.717238,0.71278,0.576621,0.0189507,0,0
0.723992,0.90086,0.907872,0.576643,0.0178928,0,0
0.234269,0.790018,0.578317,0.576691,0.00656964,0,0
0.252833,0.0906397,0.999868,0.576704,0.0189133,0,0
0.229842,0.462685,0.594211,0.576784,0.0221597,0,0
0.18445,0.978003,0.569149,0.576941,0.00883105,0,0
0.725681,0.348708,0.756902,0.576971,0.022947,0,0
0.275317,0.765404,0.0603358,0.576988,0.0137553,0,0
0.030324,0.739798,0.470883,0.577057,0.0164556,0,0
0.883387,0.421872,0.176726,0.577116,0.00132433,0,0
0.827083,0.0459769,0.945159,0.57724,0.0311279,0,0
0.993382,0.353921,0.158976,0.577312,0.00241702,0,0
0.617909,0.720444,0.92902,0.577321,0.0166733,0,0
0.667197,0.735638,0.22077,0.577354,0.0236148,0,0
0.398829,0.555399,0.624936,0.577354,0.00398667,0,0
0.0578649,0.937695,0.478387,0.577357,0.0198324,0,0
0.129408,0.86346,0.29479,0.577376,0.0178476,0,0
0.197867,0.74945,0.334584,0.577431,0.0320738,0,0
0.548807,0.772653,0.635221,0.577437,0.00635151,0,0
0.818366,0.179938,0.212374,0.577439,0.00264586,0,0
0.245739,0.852169,0.0388624,0.577444,0.0101625,0,0
0.832427,0.957144,0.622017,0.577503,0.0182856,0,0
0.729653,0.875753,0.931476,0.577505,0.0170303,0,0
0.169595,0.576639,0.69416,0.577542,0.0214421,0,0
0.840051,0.797133,0.373113,0.577555,0.0109894,0,0
0.28129,0.902847,0.108815,0.577597,0.00302394,0,0
0.217131,0.55802,0.803615,0.577643,0.00376662,0,0
0.746724,0.772367,0.102297,0.57765,0.0198214,0,0
0.57565,0.947789,0.935441,0.577671,0.0185976,0,0
0.94533,0.746345,0.170204,0.577731,0.00603662,0,0
0.211037,0.870764,0.0645582,0.577834,0.00663224,0,0
0.727052,0.282203,0.957577,0.577857,0.00145695,0,0
0.475038,0.500566,0.440152,0.577928,0.00255131,0,0
0.358425,0.921325,0.172361,0.57799,0.0147782,0,0
0.910713,0.412148,0.97762,0.577998,0.00621663,0,0
0.685284,0.740884,0.0318296,0.577999,0.0224928,0,0
0.318655,0.0218891,0.180986,0.578031,0.0263613,0,0
0.798576,0.25949,0.071518,0.578137,0.00763296,0,0
0.475196,0.0604497,0.918424,0.578139,0.0188867,0,0
0.615577,0.325952,0.0237013,0.578144,0.00601187,0,0
0.699112,0.144832,0.885691,0.578166,0.00550187,0,0
0.811605,0.871111,0.607847,0.578201,0.0211381,0,0
0.361309,0.762162,0.965863,0.578215,0.0209901,0,0
0.994738,0.33562,0.835034,0.578234,0.0016631,0,0
0.719446,0.429229,0.784689,0.578236,0.00933252,0,0
0.783089,0.074581,0.222152,0.578307,0.00800604,0,0
0.357929,0.682379,0.0669941,0.578372,0.00709191,0,0
0.758327,0.643969,0.354478,0.578375,0.0214764,0,0
0.859144,0.874554,0.0221667,0.578419,0.0210244,0,0
0.00651388,0.439679,0.181495,0.578445,0.00310475,0,0
0.160866,0.144772,0.439256,0.578487,0.00912133,0,0
0.32779,0.810808,0.867378,0.578489,0.00130414,0,0
0.669779,0.406277,0.693311,0.5785,0.012188,0,0
0.438648,0.810524,0.812692,0.578541,0.00860504,0,0
0.336058,0.48748,0.55146,0.578634,0.0240343,0,0
0.833463,0.0431618,0.499377,0.578656,0.00710538,0,0
0.0990315,0.902017,0.359245,0.578666,0.00223799,0,0
0.0977743,0.962527,0.327684,0.578693,0.002871,0,0
0.456328,0.278984,0.976783,0.578697,0.018122,0,0
0.18487,0.654548,0.985959,0.578705,0.0202227,0,0
0.832116,0.484051,0.190753,0.578753,0.000287132,0,0
0.382504,0.818035,0.896123,0.578806,0.00135063,0,0
0.485718,0.976747,0.674321,0.578837,0.00652501,0,0
0.46323,0.154474,0.755184,0.579089,0.0127762,0,0
0.950298,0.117991,0.875838,0.57915,0.012719,0,0
0.867682,0.327739,0.43019,0.57915,0.0146053,0,0
0.0440407,0.832352,0.519448,0.579194,0.00495979,0,0
0.166189,0.646915,0.904128,0.579221,0.0227475,0,0
0.504029,0.785259,0.607801,0.579254,0.0147069,0,0
0.0273696,0.837974,0.055868,0.579257,0.0140884,0,0
0.382419,0.703621,0.449173,0.579265,0.0115745,0,0
0.110055,0.770183,0.430329,0.579303,0.020056,0,0
0.486789,0.779798,0.667039,0.579326,0.00342071,0,0
0.355256,0.37451,0.790595,0.579391,0.0134464,0,0
0.609123,0.533929,0.2892,0.57947,0.0060695,0,0
0.345983,0.0674865,0.80673,0.579521,0.0126946,0,0
0.910136,0.988025,0.192746,0.57953,0.00786778,0,0
0.715791,0.322495,0.483788,0.579743,0.00290168,0,0
0.212171,0.686964,0.587336,0.579753,0.00800794,0,0
0.684212,0.684818,0.83521,0.579869,0.0226445,0,0
0.333579,0.10986,0.549679,0.579883,0.0127268,0,0
0.145111,0.712454,0.230392,0.579893,0.0123857,0,0
0.283725,0.744795,0.854701,0.579939,0.0216519,0,0
0.798043,0.109136,0.293896,0.579941,0.0200644,0,0
0.346051,0.558976,0.447193,0.579991,0.0186398,0,0
0.253347,0.198206,0.944915,0.580119,0.0252721,0,0
0.913803,0.321509,0.222892,0.580121,0.00960328,0,0
0.48685,0.706595,0.741298,0.580145,0.00217487,0,0
0.674149,0.612274,0.483573,0.580195,0.0149567,0,0
0.64229,0.612441,0.684503,0.58028,0.000950583,0,0
0.124264,0.0390423,0.588702,0.580293,0.0207831,0,0
0.527587,0.913542,0.949338,0.580297,0.023158,0,0
0.0903312,0.926082,0.0373486,0.580318,0.00744508,0,0
0.0633346,0.727673,0.868093,0.580335,0.0151149,0,0
0.652741,0.396967,0.0749324,0.580345,0.0108867,0,0
0.686055,0.566443,0.593708,0.580346,0.00385609,0,0
0.727003,0.652014,0.986087,0.580418,0.0279807,0,0
0.81818,0.0590674,0.885378,0.580435,0.00471259,0,0
0.84124,0.674439,0.0572993,0.580444,0.0130291,0,0
0.178018,0.277327,0.543623,0.580566,0.0039383,0,0
0.493975,0.305306,0.705251,0.580596,0.0127255,0,0
0.324364,0.160136,0.659024,0.580613,0.0209527,0,0
0.301691,0.11064,0.978572,0.580636,0.00614033,0,0
0.796121,0.0552206,0.249186,0.580683,0.0152349,0,0
0.196809,0.669448,0.345085,0.580687,0.00678377,0,0
0.79469,0.695022,0.0112942,0.580709,0.0223079,0,0
0.265927,0.464724,0.544131,0.580725,0.0240733,0,0
0.833405,0.483714,0.249047,0.580725,0.0163316,0,0
0.412437,0.47044,0.0372323,0.580851,0.00843039,0,0
0.394137,0.664014,0.941494,0.580932,0.018873,0,0
0.203884,0.701703,0.266225,0.580933,0.0185746,0,0
0.657309,0.164506,0.027333,0.580948,0.0166687,0,0
0.3367,0.197232,0.337953,0.580954,0.0194262,0,0
0.91527,0.617571,0.889626,0.580988,0.0194529,0,0
0.784236,0.995157,0.898493,0.581081,0.0230305,0,0
0.403468,0.583208,0.963332,0.581156,0.00424464,0,0
0.0703539,0.0959845,0.845446,0.581166,0.0106075,0,0
0.888821,0.446362,0.367414,0.581256,0.0177625,0,0
0.774034,0.0847906,0.931424,0.581276,0.0099072,0,0
0.454837,0.365997,0.644268,0.581301,0.0153062,0,0
0.872251,0.000966934,0.252479,0.581355,0.0213207,0,0
0.34281,0.236788,0.152801,0.581397,0.0118956,0,0
0.835394,0.183926,0.452199,0.581432,0.00807659,0,0
0.000285064,0.62575,0.577309,0.581447,0.001845,0,0
0.883494,0.480888,0.281726,0.5815,0.0247493,0,0
0.186704,0.580048,0.745908,0.5815,0.0139271,0,0
0.488229,0.292806,0.630755,0.581536,0.00476724,0,0
0.628268,0.649838,0.572538,0.581564,0.00293775,0,0
0.418845,0.213626,0.0114143,0.581728,0.0131192,0,0
0.0282314,0.0775826,0.122791,0.5818,0.0036539,0,0
0.814953,0.962248,0.520282,0.581868,0.0206724,0,0
0.793498,0.70097,0.74396,0.58187,0.0055421,0,0
0.0172899,0.221724,0.256924,0.581925,0.00521499,0,0
0.496728,0.996048,0.0402093,0.581967,0.0173005,0,0
0.546842,0.17649,0.460252,0.581976,0.000264084,0,0
0.885068,0.103703,0.88012,0.581979,0.0207151,0,0
0.67864,0.3553,0.36386,0.581984,0.00407536,0,0
0.098055,0.637452,0.7736,0.582006,0.0139548,0,0
0.0609898,0.379632,0.490036,0.582024,0.00935099,0,0
0.956396,0.376971,0.484979,0.582104,0.00285575,0,0
0.960902,0.287096,0.79573,0.582105,0.0097493,0,0
0.427483,0.582935,0.0065272,0.582143,0.00464135,0,0
0.0161769,0.866425,0.644688,0.58218,0.00293406,0,0
0.380139,0.497701,0.562618,0.582212,0.0158111,0,0
0.339214,0.0279415,0.391501,0.582225,0.0240664,0,0
0.262629,0.496654,0.262263,0.582317,0.000728437,0,0
0.951428,0.155225,0.089738,0.582336,0.0102923,0,0
0.343356,0.554056,0.2868,0.582437,0.00816882,0,0
0.0522765,0.300992,0.681354,0.5825,0.00836824,0,0
0.19385,0.635497,0.709161,0.582549,0.0301979,0,0
0.684319,0.370197,0.108746,0.582579,0.00882821,0,0
0.534198,0.667518,0.587318,0.582587,0.0133743,0,0
0.373161,0.353486,0.271598,0.582689,0.00736076,0,0
0.198188,0.580656,0.908259,0.582701,0.0266927,0,0
0.202529,0.1269,0.941616,0.582704,0.0147002,0,0
0.299008,0.655239,0.332107,0.582733,0.0126172,0,0
0.985227,0.197101,0.956244,0.582752,0.00238456,0,0
0.927713,0.658465,0.641446,0.582912,0.0163267,0,0
0.37745,0.215333,0.953132,0.582945,0.021056,0,0
0.578967,0.109662,0.804793,0.582962,0.0210331,0,0
0.0730179,0.0872474,0.0405584,0.582975,0.0162199,0,0
0.317137,0.745157,0.949282,0.582987,0.0211573,0,0
0.269253,0.0168549,0.631363,0.582988,0.000671167,0,0
0.154699,0.66639,0.00163961,0.583145,0.0150304,0,0
0.515432,0.0731725,0.111635,0.583169,0.0157457,0,0
0.516203,0.96164,0.0245008,0.58321,0.0131304,0,0
0.0308039,0.160352,0.279747,0.583281,0.0141775,0,0
0.798069,0.733485,0.923125,0.583332,0.0148138,0,0
0.939802,0.982891,0.0820977,0.583358,0.0197044,0,0
0.5285,0.586945,0.127304,0.583361,0.00371768,0,0
0.482637,0.232237,0.459081,0.583371,0.0236492,0,0
0.911658,0.397442,0.867617,0.583489,0.0156993,0,0
0.265431,0.332317,0.94717,0.583497,0.00158612,0,0
0.0728292,0.633214,0.780051,0.583536,0.0124255,0,0
0.284422,0.723824,0.611825,0.583552,0.00740021,0,0
0.633193,0.971823,0.940162,0.583584,0.00513435,0,0
0.017503,0.863004,0.741951,0.583593,0.0125272,0,0
0.218263,0.308156,0.715939,0.583632,0.0297381,0,0
0.709383,0.830468,0.972645,0.583674,0.00680968,0,0
0.737922,0.824059,0.998031,0.583682,0.0145161,0,0
0.0375208,0.221163,0.152213,0.583709,0.0207814,0,0
0.963049,0.0962962,0.820116,0.583717,0.00685895,0,0
0.0799445,0.705851,0.334889,0.583752,0.00889143,0,0
0.789693,0.988064,0.000214867,0.583754,0.0068348,0,0
0.4278,0.0304827,0.748082,0.583803,0.0114093,0,0
0.486977,0.392247,0.134509,0.583823,0.0284291,0,0
0.208022,0.45941,0.564165,0.583825,0.0151181,0,0
0.831121,0.257298,0.931661,0.58386,0.0151441,0,0
0.744632,0.906519,0.00439494,0.583886,0.0130083,0,0
0.9654,0.267139,0.249952,0.583892,0.010625,0,0
0.794125,0.0569385,0.861972,0.583939,0.000149897,0,0
0.851814,0.285238,0.44702,0.583989,0.0147127,0,0
0.702252,0.621392,0.470121,0.584044,0.00961185,0,0
0.020743,0.229935,0.638278,0.584045,0.00832447,0,0
0.87962,0.770832,0.637887,0.584066,0.00100969,0,0
0.768069,0.864461,0.0648346,0.584194,0.0151609,0,0
0.0415747,0.799795,0.704094,0.58424,0.0144381,0,0
0.745051,0.0502698,0.0864351,0.58424,0.00622159,0,0
0.219489,0.426404,0.805512,0.584241,0.0192875,0,0
0.971134,0.599582,0.975044,0.58428,0.0175881,0,0
0.281236,0.0958692,0.595826,0.584312,0.00854714,0,0
0.0258699,0.225115,0.469517,0.584389,0.019962,0,0
0.534007,0.815847,0.168276,0.584421,0.00855124,0,0
0.0966811,0.444446,0.776005,0.584518,0.00191071,0,0
0.978416,0.709166,0.111351,0.584588,0.0101145,0,0
0.347346,0.486866,0.621153,0.584701,0.0102171,0,0
0.220183,0.607849,0.0751883,0.584752,0.0172795,0,0
0.0960566,0.654449,0.231404,0.58476,0.00184753,0,0
0.736241,0.839934,0.429386,0.584779,0.0302438,0,0
0.105645,0.0556717,0.970708,0.584818,0.000330511,0,0
0.860441,0.772712,0.0837797,0.584955,0.00753035,0,0
0.938805,0.716755,0.858175,0.58497,0.0178559,0,0
0.594495,0.486708,0.339111,0.584984,0.00339059,0,0
0.353615,0.0633355,0.750375,0.584993,0.0206892,0,0
0.749764,0.850586,0.94482,0.585014,0.0136805,0,0
0.838763,0.586992,0.335216,0.585045,0.00998482,0,0
0.468541,0.807298,0.085344,0.585051,0.017924,0,0
0.121175,0.010545,0.308559,0.585073,0.0102239,0,0
0.312568,0.550804,0.948258,0.585101,0.0220047,0,0
0.0458933,0.598307,0.880764,0.585132,0.0025512,0,0
0.477337,0.258172,0.959722,0.585134,0.00749743,0,0
0.376717,0.572819,0.445981,0.585156,0.0142514,0,0
0.769753,0.175913,0.988973,0.585199,0.00713095,0,0
0.891545,0.0516517,0.341362,0.585322,0.00101642,0,0
0.00255627,0.978289,0.210651,0.585342,0.0114242,0,0
0.806303,0.667927,0.438916,0.585358,0.00448864,0,0
0.0231082,0.207025,0.267667,0.585368,0.00300997,0,0
0.552827,0.718562,0.712595,0.585371,0.00270084,0,0
0.680158,0.807499,0.107062,0.585408,0.00776986,0,0
0.639536,0.309872,0.729682,0.585453,0.000572669,0,0
0.17266,0.431416,0.646683,0.585547,0.0200809,0,0
0.21246,0.601318,0.570308,0.585557,0.0145657,0,0
0.521305,0.873698,0.176505,0.585581,0.00779325,0,0
0.0671885,0.808495,0.186513,0.585608,0.00176978,0,0
0.8104,0.187268,0.857279,0.585764,0.0202375,0,0
0.975846,0.793535,0.64341,0.585851,0.0302094,0,0
0.857588,0.854932,0.607171,0.585962,0.0134737,0,0
0.954309,0.593971,0.946636,0.585967,0.0159018,0,0
0.247506,0.109227,0.0541602,0.585992,0.0167902,0,0
0.331847,0.586784,0.161535,0.586046,0.00838037,0,0
0.227875,0.200034,0.989529,0.586072,0.00374139,0,0
0.219179,0.435899,0.677238,0.58611,0.0253411,0,0
0.771744,0.221515,0.503932,0.586114,0.00577902,0,0
0.678243,0.718039,0.883383,0.586144,0.0080061,0,0
0.803216,0.341589,0.0715914,0.586199,0.000860787,0,0
0.840991,0.499471,0.361378,0.586212,0.0193618,0,0
0.181221,0.086383,0.827898,0.586312,0.000928134,0,0
0.444386,0.837353,0.850378,0.586338,0.00132064,0,0
0.971541,0.276536,0.798577,0.586345,0.00120535,0,0
0.772641,0.892068,0.0364132,0.586377,0.0058073,0,0
0.429383,0.367066,0.645385,0.586412,0.0101954,0,0
0.620238,0.355333,0.000375754,0.586569,0.00370159,0,0
0.608821,0.820462,0.203296,0.586578,0.014213,0,0
0.333447,0.186553,0.0789306,0.586674,0.0119332,0,0
0.730289,0.528039,0.285428,0.586762,0.00766603,0,0
0.947433,0.282519,0.483683,0.586775,0.00278229,0,0
0.891111,0.0129927,0.433588,0.586799,0.0242032,0,0
0.985242,0.778415,0.908864,0.586848,0.00850392,0,0
0.910377,0.12961,0.0645424,0.586851,0.00365869,0,0
0.483418,0.127696,0.417277,0.586895,0.0111488,0,0
0.364334,0.780376,0.108586,0.586906,0.00310626,0,0
0.386815,0.0269248,0.809086,0.586918,0.00590988,0,0
0.148231,0.931375,0.505917,0.586953,0.00469672,0,0
0.735198,0.0243122,0.185842,0.586959,0.00642304,0,0
0.991844,0.935264,0.0383443,0.587039,0.00925812,0,0
0.147838,0.742805,0.304842,0.587051,0.0244803,0,0
0.302116,0.856507,0.0580437,0.587074,0.0050521,0,0
0.834916,0.349261,0.913921,0.587141,0.0008752,0,0
0.809071,0.123698,0.779131,0.587188,0.0111634,0,0
0.983474,0.200711,0.205177,0.587279,0.0230311,0,0
0.317148,0.943741,0.440214,0.587315,0.014228,0,0
0.413787,0.0395722,0.346512,0.587328,0.00943413,0,0
0.322726,0.485533,0.862083,0.587431,0.0210473,0,0
0.486568,0.886491,0.11849,0.587455,0.020604,0,0
0.287485,0.0924873,0.85372,0.587459,0.00525762,0,0
0.0604775,0.31747,0.161924,0.587467,0.00706955,0,0
0.841,0.280313,0.922516,0.587484,0.0115197,0,0
0.0329559,0.799941,0.88205,0.587515,0.0129433,0,0
0.669099,0.0203364,0.837584,0.587518,0.0156505,0,0
0.362511,0.0461403,0.668861,0.587554,0.00601237,0,0
0.647741,0.0397264,0.84959,0.587574,0.0155947,0,0
0.0747034,0.524703,0.74076,0.587589,0.011167,0,0
0.846459,0.897646,0.170568,0.5876,0.0269746,0,0
0.363516,0.252648,0.105401,0.587607,0.00252542,0,0
0.345056,0.116177,0.98591,0.587611,0.0167149,0,0
0.837498,0.597995,0.545426,0.587658,0.000183448,0,0
0.430198,0.150387,0.378281,0.587668,0.0138635,0,0
0.312473,0.0161112,0.304254,0.587726,0.00569317,0,0
0.862083,0.451688,0.377445,0.587732,0.0112873,0,0
0.214542,0.220128,0.0936191,0.587751,0.00991855,0,0
0.143954,0.648697,0.169314,0.587785,0.00124429,0,0
0.93236,0.341299,0.839003,0.587824,0.0179786,0,0
0.832166,0.571446,0.338214,0.587863,0.00716671,0,0
0.448083,0.318827,0.44435,0.587949,0.0105494,0,0
0.924526,0.447034,0.317983,0.588096,0.0147619,0,0
0.425364,0.903745,0.871,0.588107,0.00446381,0,0
0.288508,0.604614,0.741908,0.588128,0.00571527,0,0
0.299322,0.671705,0.321056,0.588134,0.00721583,0,0
0.981966,0.80868,0.724464,0.588277,0.0178635,0,0
0.940149,0.834494,0.0581048,0.588282,0.00462099,0,0
0.832501,0.676847,0.073018,0.588357,0.00511567,0,0
0.740081,0.686212,0.90694,0.588389,0.0249182,0,0
0.861312,0.0313541,0.50024,0.588425,0.0102465,0,0
0.847239,0.458933,0.543476,0.588527,0.004822,0,0
0.909366,0.656725,0.0898933,0.588582,0.00818922,0,0
0.0121228,0.739803,0.194363,0.588688,0.00313599,0,0
0.184524,0.778491,0.253363,0.588692,0.0117343,0,0
0.448247,0.011498,0.158531,0.588699,0.013822,0,0
0.738103,0.0027241,0.882945,0.58879,0.0206366,0,0
0.792008,0.471977,0.575212,0.588815,0.00757808,0,0
0.616444,0.551129,0.334693,0.588823,0.0109434,0,0
0.289164,0.295895,0.165366,0.588856,0.00359796,0,0
0.845019,0.384824,0.280938,0.58886,0.0185395,0,0
0.923152,0.570776,0.452967,0.588898,0.00517134,0,0
0.659583,0.260711,0.63462,0.589035,0.003236,0,0
0.444922,0.0510912,0.919902,0.589051,0.010405,0,0
0.146603,0.0131604,0.513526,0.589057,0.02752,0,0
0.836427,0.398338,0.557346,0.589211,0.00783133,0,0
0.869831,0.404223,0.85172,0.58928,0.00124113,0,0
0.618128,0.181,0.0581863,0.589294,0.0107857,0,0
0.719759,0.536851,0.644283,0.589308,0.0089077,0,0
0.405223,0.29584,0.746375,0.589338,0.00161733,0,0
0.618762,0.745449,0.363648,0.58937,0.0263675,0,0
0.10408,0.0844604,0.616577,0.589373,0.0171729,0,0
0.142547,0.400796,0.500745,0.589376,0.0229382,0,0
0.160176,0.33216,0.586198,0.589398,0.0106183,0,0
0.217925,0.437316,0.569156,0.589409,0.00679543,0,0
0.245434,0.725126,0.934405,0.589444,0.0197618,0,0
0.891136,0.37682,0.614122,0.589474,0.0227296,0,0
0.410818,0.138982,0.91591,0.589528,7.4509e-05,0,0
0.523089,0.821126,0.408692,0.589595,0.00815339,0,0
0.0173824,0.822088,0.851813,0.589618,0.00891341,0,0
0.0339808,0.870719,0.172942,0.589679,0.0142675,0,0
0.47815,0.521563,0.239746,0.589799,0.0163165,0,0
0.705268,0.278442,0.00370769,0.589859,0.00113449,0,0
0.157805,0.868668,0.379352,0.589903,0.0229842,0,0
0.768585,0.0393897,0.13894,0.589945,0.00352733,0,0
0.920406,0.919254,0.520151,0.589978,0.0121235,0,0
0.0200875,0.734967,0.793923,0.589986,0.0221163,0,0
0.528172,0.489918,0.237778,0.590007,0.0193017,0,0
0.122583,0.295788,0.12701,0.590083,0.00822954,0,0
0.257743,0.918858,0.596534,0.590115,0.000872589,0,0
0.759337,0.248589,0.890466,0.590134,0.00248548,0,0
0.133938,0.435729,0.81417,0.590211,0.00493964,0,0
0.650594,0.466775,0.274812,0.590216,0.0185464,0,0
0.291533,0.303666,0.788931,0.590326,0.010862,0,0
0.962636,0.302678,0.69478,0.590406,0.00535507,0,0
0.493911,0.944831,0.841179,0.59041,0.0280586,0,0
0.310298,0.0323445,0.86316,0.590486,0.00764617,0,0
0.893766,0.640679,0.0564439,0.590486,0.0183919,0,0
0.925427,0.0031945,0.46049,0.590515,0.0146907,0,0
0.838946,0.802441,0.147754,0.590535,0.00385856,0,0
0.190904,0.565279,0.109322,0.590708,0.00998324,0,0
0.42792,0.204246,0.644076,0.590753,0.00486264,0,0
0.322626,0.460457,0.803467,0.590777,0.0187121,0,0
0.480454,0.0578667,0.712763,0.590861,0.0310026,0,0
0.228691,0.570995,0.941131,0.590897,0.0116102,0,0
0.664529,0.870727,0.438495,0.590996,0.010206,0,0
0.074351,0.71782,0.85529,0.591011,0.00443901,0,0
0.179287,0.897802,0.295019,0.591032,0.00577405,0,0
0.749736,0.590595,0.442742,0.591038,0.0246435,0,0
0.214521,0.927375,0.523867,0.591079,0.018483,0,0
0.505455,0.822295,0.40144,0.591093,0.00770725,0,0
0.931397,0.679349,0.703102,0.591098,0.00584809,0,0
0.0359142,0.752736,0.136587,0.59113,0.00577564,0,0
0.240792,0.955879,0.5111,0.591156,0.0128403,0,0
0.44308,0.190869,0.451269,0.591159,0.0247531,0,0
0.483208,0.508109,0.0889422,0.591178,0.0124181,0,0
0.534578,0.24032,0.589925,0.591183,0.00603274,0,0
0.219234,0.895467,0.57487,0.591346,0.0161431,0,0
0.82894,0.547082,0.383849,0.591391,0.0210834,0,0
0.72951,0.781099,0.837677,0.59144,0.00295009,0,0
0.0381985,0.11367,0.126604,0.591493,0.00714295,0,0
0.361954,0.217065,0.318989,0.591533,0.0123537,0,0
0.523922,0.781011,0.350451,0.591562,0.0156671,0,0
0.75787,0.331999,0.633213,0.591673,0.00431623,0,0
0.253444,0.82888,0.385807,0.591851,0.0205111,0,0
0.844348,0.674302,0.92246,0.591889,0.0103687,0,0
0.051204,0.0886333,0.374065,0.591898,0.0149171,0,0
0.942149,0.641392,0.585199,0.591901,0.00579443,0,0
0.256989,0.720018,0.604212,0.591916,0.00621736,0,0
0.98299,0.52611,0.0292393,0.591919,0.00521933,0,0
0.427705,0.828291,0.0225893,0.591994,0.0116555,0,0
0.224227,0.700984,0.908647,0.592043,0.0192919,0,0
0.609469,0.161796,0.744136,0.592107,0.00204152,0,0
0.0731245,0.881021,0.563362,0.592125,0.0114252,0,0
0.286659,0.260297,0.866198,0.592138,0.00486007,0,0
0.485456,0.163308,0.971464,0.592147,0.0160781,0,0
0.17529,0.669893,0.961985,0.592152,0.00829266,0,0
0.336195,0.580442,0.467087,0.592165,0.00755512,0,0
0.972847,0.703634,0.661943,0.592214,0.0273758,0,0
0.936799,0.550096,0.0332901,0.592227,0.00454952,0,0
0.205252,0.697818,0.951061,0.592299,0.0133228,0,0
0.704653,0.938827,0.916681,0.592301,0.0139252,0,0
0.651043,0.371538,0.266403,0.592352,0.000735606,0,0
0.657398,0.638949,0.127504,0.592384,0.00183303,0,0
0.751919,0.889112,0.224261,0.592394,0.00676732,0,0
0.950051,0.256905,0.919858,0.592479,0.00894597,0,0
0.0154569,0.704418,0.367028,0.592529,0.00244495,0,0
0.661759,0.620712,0.944384,0.592611,0.00633205,0,0
0.985198,0.525307,0.895131,0.592632,0.0125301,0,0
0.425921,0.410236,0.510276,0.592643,0.00688891,0,0
0.904877,0.846729,0.740118,0.592649,0.0169203,0,0
0.266271,0.870793,0.500203,0.592734,0.0161678,0,0
0.280126,0.24753,0.761824,0.592776,0.00667293,0,0
0.365225,0.145087,0.856782,0.592813,0.00561162,0,0
0.333231,0.0704585,0.891139,0.592843,0.017331,0,0
0.37538,0.391182,0.754684,0.592863,0.00459381,0,0
0.538269,0.379909,0.768333,0.592885,0.00280415,0,0
0.218874,0.412713,0.762635,0.593003,0.0181262,0,0
0.0377484,0.840735,0.733395,0.593006,0.0040281,0,0
0.67339,0.469,0.160135,0.593024,0.00809685,0,0
0.452771,0.84907,0.0300539,0.593069,0.00293834,0,0
0.649437,0.653806,0.5286,0.593165,0.00856133,0,0
0.903326,0.385304,0.298309,0.59317,0.00129109,0,0
0.837931,0.575601,0.843074,0.59331,0.00144384,0,0
0.0185178,0.163309,0.109137,0.593314,0.00674087,0,0
0.000186513,0.164418,0.203069,0.59333,0.0164994,0,0
0.219548,0.598978,0.194309,0.593339,0.00955927,0,0
0.191981,0.129894,0.469607,0.593353,0.00905273,0,0
0.0346087,0.723729,0.861272,0.593364,0.00837925,0,0
0.512907,0.483291,0.142244,0.593381,0.0148957,0,0
0.579989,0.078519,0.928038,0.593393,0.0111011,0,0
0.903379,0.426204,0.895714,0.593427,0.0154767,0,0
0.204978,0.755363,0.263968,0.593447,0.0105233,0,0
0.874242,0.289481,0.689338,0.593465,0.00957696,0,0
0.297828,0.593518,0.321734,0.593502,0.0139555,0,0
0.846731,0.179262,0.93188,0.593509,0.00128278,0,0
0.458848,0.652056,0.93624,0.593573,0.00841542,0,0
0.701767,0.464388,0.0652794,0.593649,0.0143246,0,0
0.940363,0.735553,0.695481,0.593655,0.0188661,0,0
0.851451,0.700192,0.318965,0.593661,0.00305252,0,0
0.760288,0.399,0.165926,0.593687,0.0207461,0,0
0.267166,0.721721,0.751769,0.593688,0.00772394,0,0
0.617009,0.693656,0.506386,0.593746,0.00694297,0,0
0.182781,0.725071,0.75212,0.593778,0.0092386,0,0
0.0692189,0.242258,0.0986991,0.593819,0.0117473,0,0
0.798108,0.0275204,0.264327,0.593919,0.00623329,0,0
0.309666,0.49134,0.662511,0.593966,0.0101403,0,0
0.84377,0.339664,0.341455,0.593978,0.0152897,0,0
0.532833,0.965844,0.886163,0.594004,0.00775758,0,0
0.957841,0.904269,0.153335,0.594018,0.0101703,0,0
0.17238,0.352009,0.812439,0.594028,0.0097743,0,0
0.556111,0.103566,0.0937217,0.594099,0.00226124,0,0
0.97523,0.845247,0.195987,0.594117,0.0123489,0,0
0.581956,0.863408,0.155971,0.594157,0.00759045,0,0
0.433727,0.342826,0.557314,0.594176,0.0183667,0,0
0.306164,0.270948,0.594893,0.594273,0.0193373,0,0
0.814652,0.639655,0.644464,0.594276,0.0003339,0,0
0.267151,0.49662,0.177903,0.59433,0.0177669,0,0
0.400728,0.541864,0.495001,0.594338,0.0022517,0,0
0.321995,0.875081,0.149055,0.594388,0.00896219,0,0
0.830974,0.117879,0.72453,0.594416,0.00286744,0,0
0.13547,0.694546,0.905098,0.59442,0.0160495,0,0
0.799179,0.923398,0.794467,0.594444,7.59636e-05,0,0
0.625121,0.382992,0.159971,0.594466,0.00843512,0,0
0.996262,0.98731,0.928202,0.594511,0.00872361,0,0
0.85033,0.092309,0.420948,0.594543,0.000999825,0,0
0.89201,0.594803,0.0585448,0.594581,0.00652218,0,0
0.149359,0.899948,0.0721563,0.594591,0.00726969,0,0
0.0987789,0.829956,0.971349,0.594601,0.00172385,0,0
0.755197,0.926211,0.537719,0.594602,0.0152038,0,0
0.805009,0.67816,0.0771402,0.59461,0.010789,0,0
0.698827,0.750324,0.0742476,0.594681,0.0121394,0,0
0.253957,0.327403,0.822284,0.594704,0.0111251,0,0
0.444575,0.0340198,0.921657,0.594714,0.00575085,0,0
0.654751,0.625339,0.524943,0.594728,0.0129049,0,0
0.888408,0.307273,0.648927,0.594738,0.0136655,0,0
0.257448,0.815859,0.841942,0.594778,0.00508592,0,0
0.0858416,0.552343,0.00319722,0.594812,0.00859579,0,0
0.0114623,0.217947,0.118903,0.594901,0.00216307,0,0
0.584349,0.834504,0.408898,0.594908,0.00844021,0,0
0.939996,0.728498,0.933648,0.594935,0.00689445,0,0
0.16163,0.608156,0.740222,0.59498,0.0123066,0,0
0.857643,0.482463,0.771507,0.595027,0.00472162,0,0
0.433989,0.285505,0.577044,0.595042,0.00951724,0,0
0.171274,0.55029,0.83263,0.595077,0.00331861,0,0
0.481846,0.361106,0.953335,0.595154,0.0165588,0,0
0.334014,0.666221,0.0212913,0.595168,0.00992909,0,0
0.30756,0.510187,0.551356,0.595184,0.0099444,0,0
0.462896,0.250398,0.599812,0.595204,0.00746778,0,0
0.0797506,0.0419573,0.0869831,0.595235,0.00038843,0,0
0.884819,0.433177,0.20657,0.59541,0.00150198,0,0
0.00694402,0.679084,0.935044,0.595476,0.00486237,0,0
0.413912,0.0375188,0.0942324,0.595556,0.0134064,0,0
0.780397,0.746068,0.699387,0.595577,1.78201e-05,0,0
0.245121,0.132236,0.453269,0.595606,0.0142844,0,0
0.938649,0.269719,0.40724,0.595729,0.0132234,0,0
0.558395,0.552049,0.265402,0.595753,0.00927689,0,0
0.280943,0.766454,0.00161129,0.595842,0.0200743,0,0
0.424846,0.169608,0.171933,0.595847,0.00450709,0,0
0.925824,0.00268936,0.971825,0.595871,0.0137492,0,0
0.473483,0.501975,0.166847,0.59589,0.00911078,0,0
0.20198,0.676123,0.78676,0.595891,0.0178898,0,0
0.373871,0.346745,0.963415,0.595954,0.000622185,0,0
0.842908,0.639056,0.335492,0.596017,0.0206288,0,0
0.477009,0.89683,0.858432,0.596043,0.00865181,0,0
0.824544,0.350605,0.377689,0.596085,0.00923557,0,0
0.744955,0.662878,0.715616,0.596098,0.00923386,0,0
0.877846,0.641589,0.11672,0.59616,0.00388603,0,0
0.81915,0.319712,0.403815,0.596162,0.0021285,0,0
0.880639,0.611089,0.947862,0.596267,0.000809675,0,0
0.950781,0.127217,0.06658,0.596322,0.0053439,0,0
0.0381292,0.947259,0.441203,0.596322,0.000826496,0,0
0.549185,0.905198,0.973652,0.59634,0.00876624,0,0
0.769331,0.762466,0.546668,0.596345,0.0104678,0,0
0.0316623,0.877248,0.782504,0.596349,0.00486644,0,0
0.518051,0.457423,0.0846381,0.596358,0.00197596,0,0
0.410772,0.278768,0.415813,0.596381,0.00060392,0,0
0.65941,0.768021,0.958472,0.596409,0.00622068,0,0
0.991876,0.860177,0.0960999,0.596431,0.00327599,0,0
0.229544,0.397006,0.478105,0.59644,0.0104159,0,0
0.379416,0.40887,0.480636,0.596441,0.0036331,0,0
0.191244,0.610391,0.0417417,0.596493,0.0162802,0,0
0.526344,0.687287,0.505823,0.596532,0.011305,0,0
0.248018,0.394013,0.458826,0.596536,0.00534537,0,0
0.0731476,0.119031,0.0419199,0.596552,0.00262686,0,0
0.269996,0.543143,0.519074,0.596565,0.0133359,0,0
0.755503,0.545841,0.434426,0.5966,0.019596,0,0
0.840816,0.0878333,0.273876,0.596655,0.0110504,0,0
0.872651,0.126383,0.258533,0.596673,0.00362069,0,0
0.67796,0.888017,0.0526606,0.596715,0.00930564,0,0
0.375454,0.278104,0.176045,0.596726,0.021065,0,0
0.992896,0.708495,0.873127,0.596736,0.016667,0,0
0.29548,0.303457,0.575681,0.59674,0.00487196,0,0
0.100731,0.71604,0.817738,0.59676,0.0200886,0,0
0.830422,0.118637,0.730316,0.596767,0.00175536,0,0
0.295915,0.258836,0.00577579,0.596847,0.0036537,0,0
0.726144,0.870724,0.539652,0.596925,0.00511043,0,0
0.372135,0.00468228,0.797958,0.596926,0.00943583,0,0
0.688842,0.726851,0.344055,0.596998,0.0110945,0,0
0.417878,0.149398,0.864822,0.597049,0.00596697,0,0
0.156927,0.920999,0.2874,0.59707,0.00384297,0,0
0.643652,0.3796,0.262457,0.597103,0.00136893,0,0
0.789392,0.251999,0.898585,0.597104,0.00789123,0,0
0.0681226,0.925108,0.466882,0.597121,6.81077e-05,0,0
0.28726,0.298666,0.9983,0.597125,0.00507774,0,0
0.526978,0.657146,0.570043,0.597165,0.00341262,0,0
0.483049,0.708179,0.0814079,0.597217,0.00453357,0,0
0.538574,0.546602,0.193053,0.597246,0.0122135,0,0
0.521904,0.372035,0.0844747,0.597254,0.0186924,0,0
0.941777,0.896217,0.560612,0.597279,0.000166073,0,0
0.702417,0.329259,0.747975,0.597292,0.00380968,0,0
0.230329,0.348343,0.483409,0.597316,0.00536464,0,0
0.704875,0.110346,0.722065,0.597322,0.00238251,0,0
0.173152,0.0454613,0.664805,0.597378,0.000963062,0,0
0.0191579,0.758729,0.275602,0.597443,0.012591,0,0
0.311979,0.39557,0.693113,0.597494,0.0110036,0,0
0.690465,0.67024,0.877982,0.5975,0.0139942,0,0
0.830188,0.461146,0.265596,0.597575,0.00565999,0,0
0.73557,0.0732663,0.668369,0.59758,0.00657187,0,0
0.423073,0.334145,0.619447,0.597585,0.0156053,0,0
0.923892,0.376472,0.323375,0.597653,0.0071275,0,0
0.508493,0.11062,0.075394,0.597662,0.00554867,0,0
0.179402,0.672897,0.869305,0.597669,0.0134817,0,0
0.112808,0.967781,0.750779,0.597731,0.000916491,0,0
0.946049,0.244091,0.907186,0.597746,0.00659652,0,0
0.634392,0.735687,0.116202,0.597748,0.0137194,0,0
0.39034,0.136248,0.073128,0.59775,0.0203933,0,0
0.279536,0.503356,0.769369,0.597772,0.019914,0,0
0.318176,0.299783,0.803217,0.597817,0.00956623,0,0
0.280182,0.961042,0.233788,0.597836,0.000100006,0,0
0.527381,0.392081,0.0255808,0.597914,0.0106622,0,0
0.644872,0.801421,0.224486,0.597951,0.0100454,0,0
0.62664,0.793233,0.412531,0.597976,0.0170435,0,0
0.818587,0.83524,0.0466091,0.597979,0.0110967,0,0
0.902179,0.0525546,0.91476,0.597987,0.000690471,0,0
0.0473603,0.16359,0.966849,0.598066,0.00783568,0,0
0.228563,0.491046,0.722938,0.598165,0.0164327,0,0
0.6603,0.833674,0.382229,0.59818,0.00637764,0,0
0.150833,0.849735,0.0794479,0.598184,0.0100509,0,0
0.720362,0.140448,0.0534516,0.598329,0.0119883,0,0
0.873827,0.577286,0.300818,0.598352,0.00193542,0,0
0.254165,0.386855,0.155226,0.59836,0.0101622,0,0
0.821527,0.860961,0.888547,0.598438,0.0077801,0,0
0.430197,0.735244,0.485693,0.598452,0.0055086,0,0
0.75401,0.728361,0.957885,0.598456,0.0019128,0,0
0.948395,0.0754618,0.884578,0.598545,0.0120323,0,0
0.210222,0.154517,0.593892,0.598555,0.00485385,0,0
0.899349,0.74438,0.933224,0.598612,0.016586,0,0
0.222043,0.479725,0.952704,0.598642,0.000838503,0,0
0.456423,0.851286,0.126101,0.598654,0.0139172,0,0
0.539294,0.425304,0.932205,0.598676,0.00279511,0,0
0.0047556,0.191365,0.159647,0.59883,0.0148935,0,0
0.388845,0.169692,0.863884,0.598854,0.000851349,0,0
0.50501,0.716415,0.4159,0.598868,0.00887558,0,0
0.116644,0.96505,0.471845,0.598888,0.0111961,0,0
0.928942,0.144062,0.554947,0.598895,0.00191188,0,0
0.807557,0.851152,0.970066,0.598922,0.0115606,0,0
0.679513,0.752172,0.934677,0.598977,0.000242496,0,0
0.644957,0.0285792,0.906032,0.59905,0.00456066,0,0
0.0216127,0.632539,0.994371,0.599106,0.00987939,0,0
0.757055,0.58435,0.383423,0.59919,0.0171689,0,0
0.495687,0.836172,0.440774,0.599235,0.00370643,0,0
0.320259,0.235259,0.177763,0.599242,0.00791443,0,0
0.354308,0.875308,0.0998294,0.599273,0.00193924,0,0
0.838834,0.59406,0.443224,0.599282,0.0193791,0,0
0.391456,0.187871,0.0201659,0.599328,0.0105009,0,0
0.22048,0.879841,0.259657,0.59945,0.00067003,0,0
0.674322,0.659346,0.858441,0.599463,0.00813546,0,0
0.205929,0.832123,0.402835,0.599599,0.0184486,0,0
0.210724,0.675222,0.875128,0.599744,0.0149343,0,0
0.261071,0.0848575,0.118578,0.599756,0.00904203,0,0
0.4431,0.0220659,0.859722,0.599808,0.00489284,0,0
0.799803,0.29316,0.164808,0.59987,0.00251852,0,0
0.436574,0.644035,0.769162,0.599899,0.00293004,0,0
0.325791,0.129728,0.0422601,0.599911,0.0153993,0,0
0.125969,0.04338,0.485593,0.599992,0.0118349,0,0
0.147222,0.626926,0.738886,0.600075,0.00930244,0,0
0.696154,0.457465,0.287436,0.600083,0.00695966,0,0
0.0302377,0.912853,0.473682,0.600088,0.00735995,0,0
0.860091,0.243031,0.803369,0.600116,0.00103784,0,0
0.510014,0.356054,0.320716,0.60015,0.00176193,0,0
0.883166,0.982059,0.322423,0.600174,0.00230412,0,0
0.830856,0.381404,0.307333,0.600213,0.00939835,0,0
0.685498,0.808791,0.491393,0.600241,0.0108608,0,0
0.381699,0.190307,0.000344366,0.600301,0.0106272,0,0
0.996464,0.849313,0.726125,0.600332,0.00646701,0,0
0.96048,0.671129,0.048132,0.600349,0.00816688,0,0
0.341208,0.154432,0.932415,0.600357,0.0125757,0,0
0.486282,0.723678,0.502428,0.600374,0.0135013,0,0
0.585313,0.112262,0.00181815,0.600387,0.00855998,0,0
0.367746,0.555129,0.817949,0.600389,0.0100125,0,0
0.501708,0.926017,0.023168,0.600436,0.00190097,0,0
0.771869,0.259854,0.868259,0.600594,0.00468798,0,0
0.646456,0.700264,0.213474,0.6006,0.00920211,0,0
0.229662,0.564645,0.929252,0.600612,0.00189465,0,0
0.531035,0.0842292,0.656153,0.600649,0.00687016,0,0
0.110517,0.737445,0.366186,0.600675,0.00510808,0,0
0.022269,0.623063,0.816355,0.600692,0.0173525,0,0
0.734518,0.612619,0.0549235,0.600734,0.00578332,0,0
0.271874,0.560366,0.900415,0.600736,0.0233453,0,0
0.337827,0.0636174,0.381114,0.60074,0.00457611,0,0
0.472055,0.648736,0.70719,0.600762,0.00388012,0,0
0.200004,0.442707,0.842114,0.600822,0.00446074,0,0
0.615532,0.393757,0.0537885,0.600841,0.00303113,0,0
0.60977,0.776498,0.921859,0.600846,0.00361793,0,0
0.668912,0.842763,0.88579,0.600866,0.00213357,0,0
0.161019,0.757624,0.549204,0.600952,0.004979,0,0
0.786323,0.791126,0.111475,0.600955,0.00984523,0,0
0.492416,0.114463,0.971343,0.601027,0.00235953,0,0
0.85984,0.370253,0.179956,0.601036,0.0091902,0,0
0.106187,0.785463,0.448691,0.60109,0.00120623,0,0
0.939545,0.729134,0.945117,0.601097,0.00266654,0,0
0.151811,0.294592,0.102832,0.601192,0.00426263,0,0
0.561606,0.51548,0.149536,0.6012,0.0175487,0,0
0.225999,0.100644,0.575027,0.601271,0.00861882,0,0
0.2805,0.166791,0.49796,0.601287,0.00599472,0,0
0.0789188,0.768293,0.198026,0.601303,0.00669393,0,0
0.626354,0.732237,0.171374,0.601356,0.000251763,0,0
0.733827,0.940732,0.600688,0.601374,0.00459405,0,0
0.438985,0.110485,0.178478,0.601376,0.00165526,0,0
0.971667,0.0347258,0.883863,0.60141,0.00569053,0,0
0.463573,0.496891,0.0639227,0.601532,0.0116853,0,0
0.340004,0.310318,0.234023,0.601545,0.00492523,0,0
0.329709,0.783834,0.886133,0.601566,0.00374712,0,0
0.194756,0.120523,0.470938,0.601596,0.000810582,0,0
0.758982,0.137637,0.680229,0.601656,0.0021796,0,0
0.516485,0.725226,0.0965967,0.601699,0.00610525,0,0
0.436796,0.247831,0.0530137,0.601714,0.0172902,0,0
0.0786566,0.170343,0.475101,0.601727,0.00257223,0,0
0.732524,0.416086,0.0663996,0.601743,0.0104967,0,0
0.311125,0.487846,0.552495,0.601746,0.000922905,0,0
0.523255,0.153233,0.75879,0.601763,0.0137851,0,0
0.326161,0.497554,0.753659,0.601771,0.00675582,0,0
0.846289,0.210045,0.226663,0.60182,0.00448637,0,0
0.678359,0.896049,0.971963,0.601865,0.00862529,0,0
0.25723,0.114062,0.457651,0.6019,0.00799041,0,0
0.870624,0.180775,0.871924,0.601961,0.0162402,0,0
0.523627,0.511987,0.351361,0.601965,0.00578204,0,0
0.57076,0.835239,0.401338,0.602007,0.0030261,0,0
0.414348,0.786585,0.455964,0.602053,0.0151399,0,0
0.591681,0.707415,0.38938,0.602097,0.0202919,0,0
0.457244,0.480749,0.222846,0.602107,0.0140915,0,0
0.0403578,0.752643,0.736701,0.602205,0.00617887,0,0
0.805016,0.283989,0.556297,0.602247,0.00243058,0,0
0.679647,0.484919,0.122996,0.602297,0.00210653,0,0
0.714394,0.656257,0.404615,0.60238,0.0111357,0,0
0.767476,0.126389,0.0058281,0.602409,0.00462303,0,0
0.4009,0.134329,0.731105,0.602439,0.0150119,0,0
0.694446,0.493045,0.0662385,0.602478,0.0103818,0,0
0.330472,0.843746,0.450548,0.602528,0.00898626,0,0
0.113835,0.0353213,0.50086,0.60256,0.00926697,0,0
0.890917,0.732921,0.580491,0.602587,0.00137703,0,0
0.369522,0.258591,0.453666,0.602616,0.00216813,0,0
0.295964,0.634072,0.751158,0.602622,0.00863471,0,0
0.45225,0.49958,0.303485,0.602682,0.0128323,0,0
0.942709,0.588326,0.962737,0.602725,0.00193643,0,0
0.244943,0.227166,0.48443,0.602744,0.0033137,0,0
0.487857,0.553838,0.332358,0.602769,0.00142349,0,0
0.276357,0.342732,0.722738,0.602798,0.0125661,0,0
0.00210802,0.568526,0.97443,0.602812,0.0126671,0,0
0.549819,0.64697,0.531473,0.602848,0.00742608,0,0
0.704841,0.371086,0.739153,0.60298,0.00467346,0,0
0.422188,0.552189,0.393767,0.602999,0.00587278,0,0
0.75518,0.0417553,0.630761,0.603025,0.00706382,0,0
0.908387,0.305622,0.974362,0.603064,0.00203508,0,0
0.290997,0.602805,0.357002,0.60308,0.0137632,0,0
0.582655,0.602866,0.324748,0.603099,0.00931633,0,0
0.163526,0.827512,0.531531,0.603137,0.0160436,0,0
0.221006,0.903615,0.527561,0.603141,0.00642145,0,0
0.171625,0.717179,0.859924,0.603253,0.016797,0,0
0.523964,0.406353,0.884302,0.603271,0.0019767,0,0
0.753547,0.562373,0.479804,0.603277,0.00909587,0,0
0.35079,0.260925,0.82121,0.603283,0.00393724,0,0
0.448789,0.552667,0.376291,0.603318,0.00339175,0,0
0.321275,0.030936,0.448492,0.603321,0.0102891,0,0
0.808265,0.769914,0.436204,0.603331,0.00486417,0,0
0.355161,0.390777,0.230414,0.603365,0.00210452,0,0
0.845153,0.409124,0.548903,0.603372,0.00102969,0,0
0.807431,0.633263,0.464344,0.603415,0.000600943,0,0
0.758084,0.349885,0.135082,0.603475,0.00965611,0,0
0.144812,0.189755,0.0124008,0.603512,0.00311929,0,0
0.606804,0.476807,0.251429,0.603611,0.00706044,0,0
0.927629,0.76853,0.0119122,0.603695,0.0129515,0,0
0.113143,0.564469,0.759228,0.603768,0.0210656,0,0
0.437407,0.386761,0.0642119,0.603778,0.000890933,0,0
0.163789,0.541361,0.748517,0.603958,0.00700315,0,0
0.237572,0.92533,0.341942,0.60399,0.00892776,0,0
0.174131,0.047299,0.424117,0.604088,0.0147334,0,0
0.731279,0.976651,0.813332,0.604136,0.00874946,0,0
0.795633,0.651861,0.79615,0.604171,0.000346358,0,0
0.287303,0.182302,0.0918116,0.6042,0.000497087,0,0
0.146877,0.385108,0.567794,0.604218,0.00933055,0,0
0.349234,0.455493,0.867542,0.60429,0.00187544,0,0
0.938639,0.317759,0.319933,0.604353,0.00218913,0,0
0.0170581,0.631225,0.77309,0.604365,0.0162066,0,0
0.273561,0.530163,0.505869,0.60438,0.00552039,0,0
0.869123,0.694001,0.342979,0.604418,0.00984737,0,0
0.172387,0.595603,0.260736,0.604462,0.015154,0,0
0.984118,0.697016,0.826685,0.604472,0.00690799,0,0
0.192226,0.255748,0.0668681,0.604502,0.00154351,0,0
0.635998,0.8226,0.907398,0.604505,0.0121709,0,0
0.137776,0.479701,0.670775,0.604511,0.00038018,0,0
0.189358,0.680033,0.315666,0.604601,0.00208143,0,0
0.938633,0.0652784,0.826893,0.604609,0.000809573,0,0
0.388069,0.181614,0.953751,0.604648,0.00682724,0,0
0.864225,0.896034,0.822368,0.604655,0.00678956,0,0
0.0109367,0.593007,0.735396,0.60471,0.0120076,0,0
0.976222,0.286458,0.271838,0.604715,0.00277638,0,0
0.822666,0.393692,0.310129,0.604856,0.00519332,0,0
0.125288,0.471312,0.614108,0.604889,0.00698582,0,0
0.918369,0.975644,0.925696,0.604906,0.00106604,0,0
0.571379,0.905922,0.935841,0.604972,0.00526195,0,0
0.72227,0.669566,0.696253,0.604986,0.000900886,0,0
0.208792,0.0950467,0.347216,0.605116,0.00693748,0,0
0.1708,0.591499,0.770549,0.605116,0.00393382,0,0
0.484748,0.162648,0.827595,0.605122,0.00260054,0,0
0.68172,0.980941,0.899658,0.605136,0.00739306,0,0
0.271234,0.593537,0.791521,0.605161,0.0123741,0,0
0.90683,0.936817,0.48449,0.605183,0.0100473,0,0
0.825,0.327845,0.291408,0.605208,0.00734589,0,0
0.202154,0.0222533,0.486067,0.605226,0.00784643,0,0
0.916135,0.643093,0.287963,0.605274,0.00617624,0,0
0.422029,0.140164,0.410939,0.605322,0.0037927,0,0
0.0313944,0.527467,0.825842,0.605402,0.00109231,0,0
0.700578,0.959605,0.76804,0.605413,0.00176145,0,0
0.945433,0.511478,0.513781,0.605497,0.00175728,0,0
0.0891194,0.804559,0.148415,0.60552,0.000790011,0,0
0.648916,0.657664,0.788148,0.60553,0.00157572,0,0
0.888204,0.216893,0.477777,0.605627,0.00956177,0,0
0.826274,0.928424,0.857027,0.60563,0.00405187,0,0
0.378102,0.469409,0.179138,0.60565,0.0003249,0,0
0.563781,0.183983,0.0507405,0.605674,0.000450507,0,0
0.521144,0.354846,0.818444,0.605714,0.00051567,0,0
0.334829,0.461026,0.836137,0.605753,0.00708056,0,0
0.501377,0.454322,0.139006,0.605785,0.00602521,0,0
0.226963,0.681438,0.329542,0.605912,0.00537747,0,0
0.390515,0.390479,0.605445,0.605915,0.00629537,0,0
0.312314,0.00764084,0.339322,0.605955,0.00479315,0,0
0.163283,0.205834,0.60121,0.60604,0.0010954,0,0
0.241186,0.443136,0.888443,0.606069,0.00428151,0,0
0.482475,0.102671,0.925674,0.606146,0.00706998,0,0
0.276941,0.619122,0.316308,0.606177,0.010405,0,0
0.51644,0.389106,0.960615,0.606202,0.0044654,0,0
0.810952,0.472043,0.279035,0.606244,0.00685977,0,0
0.756711,0.927122,0.964312,0.606249,0.00800278,0,0
0.460611,0.718161,0.00953811,0.606359,0.0041773,0,0
0.784,0.00126711,0.959451,0.606362,0.0102648,0,0
0.925786,0.605085,0.307597,0.606401,0.00462054,0,0
0.757701,0.82997,0.482806,0.606426,0.00288744,0,0
0.406174,0.813949,0.482539,0.606499,0.01353,0,0
0.227898,0.76702,0.97896,0.606531,0.0029234,0,0
0.953584,0.548398,0.8739,0.606556,0.00406911,0,0
0.350446,0.306866,0.966694,0.60661,0.0035599,0,0
0.244389,0.567641,0.786693,0.60662,0.00225891,0,0
0.362668,0.306409,0.600435,0.606649,0.0103035,0,0
0.888824,0.678636,0.296452,0.606729,0.00343022,0,0
0.778243,0.289719,0.208807,0.606776,0.00439615,0,0
0.286711,0.251072,0.713168,0.606776,0.00124843,0,0
0.801878,0.935474,0.562878,0.606789,0.00149997,0,0
0.365945,0.558997,0.893825,0.606796,6.36544e-05,0,0
0.159094,0.460136,0.567593,0.606805,0.0107634,0,0
0.506576,0.920353,0.128586,0.606886,0.00300756,0,0
0.0163084,0.504387,0.761981,0.606939,0.000300574,0,0
0.540631,0.0322693,0.0794356,0.607025,0.00478056,0,0
0.0759538,0.121565,0.0604106,0.60706,0.00186915,0,0
0.47043,0.860422,0.0466718,0.60715,0.00573382,0,0
0.682995,0.657955,0.713163,0.607203,0.00241355,0,0
0.968393,0.629848,0.828356,0.607226,0.0139263,0,0
0.378335,0.16488,0.297344,0.607251,0.00924989,0,0
0.228173,0.54976,0.940488,0.607271,0.00243855,0,0
0.0193764,0.961919,0.215539,0.607273,0.000416158,0,0
0.0262399,0.228295,0.186936,0.607356,0.00425617,0,0
0.899446,0.464459,0.296641,0.607357,0.000735747,0,0
0.203812,0.839153,0.320109,0.607489,0.00448881,0,0
0.0147622,0.820361,0.755015,0.607521,0.00253594,0,0
0.370968,0.177959,0.0579689,0.607524,0.0114899,0,0
0.434974,0.200929,0.110608,0.60755,0.0117825,0,0
0.921968,0.63448,0.485001,0.607614,0.00363946,0,0
0.18566,0.0115035,0.335505,0.607629,0.0137615,0,0
0.135514,0.204835,0.0339744,0.607631,0.00335757,0,0
0.172423,0.49431,0.613783,0.607714,0.0187408,0,0
0.287002,0.723336,0.802498,0.607746,0.00259897,0,0
0.223197,0.406819,0.73346,0.607781,0.00764923,0,0
0.563063,0.905809,0.923588,0.607824,0.00126608,0,0
0.211205,0.888721,0.319285,0.607882,0.0089517,0,0
0.0983843,0.93636,0.464816,0.607896,0.00214819,0,0
0.964945,0.621658,0.9584,0.607928,0.00234216,0,0
0.696579,0.311727,0.616176,0.607939,0.0101433,0,0
0.8014,0.532528,0.28081,0.607982,0.00263956,0,0
0.53896,0.701417,0.421831,0.608013,0.0115292,0,0
0.140763,0.786798,0.557501,0.608032,0.0142743,0,0
0.722754,0.108204,0.972826,0.608044,0.00738844,0,0
0.316457,0.259256,0.459512,0.608054,0.00765965,0,0
0.665546,0.690405,0.0362958,0.608063,0.00426842,0,0
0.337428,0.198351,0.675582,0.608088,0.00690552,0,0
0.73039,0.617693,0.361809,0.608118,0.0046513,0,0
0.914469,0.412595,0.923971,0.608143,0.00927527,0,0
0.424588,0.0236891,0.0619618,0.608214,0.0034816,0,0
0.926437,0.00534849,0.36227,0.608237,0.00949104,0,0
0.212566,0.000980185,0.342216,0.608263,0.00783109,0,0
0.17899,0.915692,0.52342,0.608304,0.00867869,0,0
0.883132,0.200365,0.907956,0.608338,0.0167863,0,0
0.154926,0.25029,0.0997143,0.608408,0.00455673,0,0
0.246947,0.537971,0.323034,0.608416,0.000829187,0,0
0.265535,0.334712,0.708716,0.608486,0.00687797,0,0
0.11023,0.68682,0.762461,0.608518,0.00862848,0,0
0.192651,0.933057,0.29142,0.608596,0.00885285,0,0
0.307577,0.650524,0.0548527,0.60861,0.00485516,0,0
0.960589,0.405438,0.346242,0.608618,0.0103651,0,0
0.0836008,0.74774,0.262595,0.608646,0.014777,0,0
0.214581,0.718168,0.332804,0.608711,0.00211601,0,0
0.718276,0.940924,0.822573,0.608728,0.00504727,0,0
0.839097,0.40352,0.308926,0.608744,0.00410975,0,0
0.753541,0.628868,0.00837776,0.608801,0.00664597,0,0
0.675114,0.670748,0.333492,0.608822,0.0134194,0,0
0.311106,0.566978,0.866086,0.608842,0.0211462,0,0
0.548546,0.644136,0.466561,0.608895,0.000672635,0,0
0.478548,0.0267187,0.0107115,0.608937,0.00130568,0,0
0.468297,0.975966,0.753108,0.608973,0.0140198,0,0
0.83349,0.906258,0.139264,0.608981,0.00546701,0,0
0.820674,0.914886,0.946271,0.608992,0.0230511,0,0
0.179131,0.55879,0.94518,0.608997,0.0103277,0,0
0.453284,0.798302,0.0494838,0.609015,0.00679682,0,0
0.678974,0.363048,0.635,0.609069,8.35675e-05,0,0
0.811855,0.713311,0.0298253,0.609094,0.00139925,0,0
0.48201,0.388588,0.756407,0.609118,0.00657667,0,0
0.776505,0.217331,0.892218,0.609192,0.00114649,0,0
0.694205,0.831264,0.386138,0.6092,0.00976385,0,0
0.298598,0.769826,0.832521,0.609267,0.00363673,0,0
0.442123,0.351349,0.218973,0.609298,0.0135506,0,0
0.345341,0.601759,0.386655,0.609365,0.00286348,0,0
0.849151,0.836316,0.64642,0.60939,0.00100956,0,0
0.134433,0.713211,0.795282,0.609439,0.0139591,0,0
0.750915,0.907083,0.605137,0.609496,0.0080856,0,0
0.695064,0.854538,0.384043,0.609511,0.000679954,0,0
0.540446,0.722591,0.41813,0.609526,0.00432555,0,0
0.189016,0.625189,0.249418,0.609669,0.00571798,0,0
0.857446,0.653554,0.930879,0.609683,0.00407327,0,0
0.356248,0.268843,0.41252,0.609689,0.00881774,0,0
0.34463,0.233565,0.344771,0.609701,0.00190305,0,0
0.153636,0.0336534,0.468799,0.609738,0.0120247,0,0
0.81135,0.300339,0.982856,0.609754,0.0118338,0,0
0.158254,0.36802,0.612185,0.609761,5.47339e-05,0,0
0.418738,0.857037,0.174665,0.609814,0.00304065,0,0
0.276298,0.257706,0.515604,0.609922,0.00085448,0,0
0.832698,0.532251,0.485182,0.61004,0.017085,0,0
0.760793,0.907583,0.86161,0.610077,0.0091368,0,0
0.516731,0.550084,0.347211,0.610145,0.00819237,0,0
0.845718,0.661158,0.414382,0.610151,0.00369743,0,0
0.446481,0.236099,0.0757923,0.610201,0.00945221,0,0
0.22854,0.84744,0.411536,0.610202,0.00902938,0,0
0.837792,0.91741,0.650382,0.610224,0.00627007,0,0
0.466421,0.167015,0.973734,0.61046,0.000605951,0,0
0.463767,0.364418,0.061639,0.610532,0.0124585,0,0
0.654868,0.787143,0.398073,0.61057,0.0098502,0,0
0.634455,0.803496,0.456111,0.610587,0.0041489,0,0
0.700173,0.996108,0.865189,0.6106,0.00971985,0,0
0.317589,0.558496,0.714797,0.610621,0.00492187,0,0
0.965262,0.987864,0.244482,0.610633,0.00464527,0,0
0.535926,0.815183,0.684482,0.610656,0.00138913,0,0
0.91995,0.712813,0.655515,0.61071,0.010369,0,0
0.216627,0.388145,0.752633,0.610736,0.00444382,0,0
0.734531,0.714026,0.023106,0.610741,0.00438909,0,0
0.510023,0.373417,0.00347728,0.610789,0.00431674,0,0
0.313673,0.235325,0.915401,0.610816,0.0083609,0,0
0.871184,0.695989,0.993252,0.610868,0.0217444,0,0
0.108598,0.110261,0.0887536,0.610885,0.00835075,0,0
0.191396,0.635417,0.858898,0.610902,0.00268651,0,0
0.254518,0.511971,0.765964,0.610923,0.00676377,0,0
0.410538,0.0387286,0.0140605,0.610944,0.000353709,0,0
0.924463,0.608053,0.780818,0.610946,0.000551479,0,0
0.439032,0.919008,0.0541044,0.61095,0.000754664,0,0
0.92941,0.300896,0.632856,0.611017,0.00207897,0,0
0.874926,0.0431408,0.517166,0.61104,0.00104932,0,0
0.974562,0.722098,0.700784,0.61105,0.00986829,0,0
0.352927,0.238786,0.385851,0.611134,0.0056661,0,0
0.112771,0.988741,0.594035,0.611237,0.00128191,0,0
0.814609,0.569705,0.461108,0.611241,0.00723143,0,0
0.314141,0.0428943,0.63709,0.611372,0.0103428,0,0
0.895102,0.765056,0.900684,0.611385,0.000888935,0,0
0.219997,0.640858,0.89574,0.611401,0.0113068,0,0
0.803205,0.962816,0.935661,0.611403,0.00829696,0,0
0.287058,0.281484,0.534225,0.611427,0.00479833,0,0
0.0179,0.114586,0.0867562,0.611446,0.00568933,0,0
0.426691,0.57209,0.753734,0.611498,0.00168897,0,0
0.262475,0.702395,0.270057,0.611526,0.00490906,0,0
0.937273,0.6599,0.850282,0.611543,0.00321658,0,0
0.470034,0.970064,0.0809491,0.611557,0.00809977,0,0
0.997814,0.114295,0.429293,0.611603,0.00191294,0,0
0.160671,0.518486,0.696664,0.611631,0.00870232,0,0
0.414978,0.0851304,0.16423,0.61166,0.00494494,0,0
0.154491,0.0240183,0.583493,0.61174,0.00135369,0,0
0.182353,0.83819,0.406998,0.611799,0.00624867,0,0
0.252157,0.534346,0.425713,0.611808,0.000164726,0,0
0.805703,0.73018,0.955857,0.61188,0.00010855,0,0
0.0774578,0.800034,0.827699,0.61192,0.00952846,0,0
0.40896,0.304076,0.0401039,0.611953,0.00415923,0,0
0.0384622,0.816963,0.632072,0.612168,0.000958405,0,0
0.991277,0.835624,0.727723,0.612225,0.00141655,0,0
0.729183,0.358704,0.126261,0.612321,0.00766129,0,0
0.406626,0.24161,0.112383,0.612433,0.0101095,0,0
0.414435,0.844586,0.144944,0.612494,0.00930394,0,0
0.222082,0.449136,0.768361,0.612644,0.00761363,0,0
0.596732,0.48983,0.036454,0.612691,0.0022567,0,0
0.10251,0.526143,0.754602,0.61275,0.00296706,0,0
0.492591,0.74029,0.520175,0.612875,0.00377684,0,0
0.678604,0.0752646,0.86047,0.613018,0.00178923,0,0
0.619153,0.699065,0.317134,0.613038,0.00418052,0,0
0.818193,0.639165,0.60074,0.613073,7.65272e-05,0,0
0.227499,0.835794,0.455716,0.613137,0.00318723,0,0
0.375362,0.220453,0.12384,0.613145,0.00334308,0,0
0.24861,0.164972,0.889645,0.61318,0.00205599,0,0
0.762922,0.890968,0.626044,0.613198,0.005006,0,0
0.774809,0.00171252,0.949431,0.613288,0.00333894,0,0
0.249247,0.412404,0.707097,0.613334,0.0106143,0,0
0.9139,0.630528,0.323618,0.613372,0.0122169,0,0
0.159205,0.969142,0.470597,0.613419,0.00237841,0,0
0.916116,0.691461,0.326034,0.613585,0.0158336,0,0
0.979523,0.22925,0.219428,0.613598,0.00291251,0,0
0.266832,0.524608,0.924061,0.613599,0.0147489,0,0
0.95646,0.0151019,0.383627,0.61381,0.0018526,0,0
0.303305,0.519438,0.206815,0.613826,0.00398389,0,0
0.802487,0.777469,0.34593,0.613908,0.00104434,0,0
0.456193,0.320644,0.52653,0.614067,0.00142512,0,0
0.818268,0.31598,0.190668,0.614196,0.00321881,0,0
0.826562,0.628114,0.437756,0.614204,0.00792,0,0
0.496535,0.422671,0.159346,0.614278,0.00254915,0,0
0.699275,0.827214,0.243785,0.614412,0.00275592,0,0
0.43835,0.123389,0.735635,0.614464,0.00449014,0,0
0.975116,0.220795,0.228438,0.614496,0.00231551,0,0
0.299789,0.82159,0.376429,0.614537,0.00516945,0,0
0.698385,0.607682,0.672481,0.614549,0.000341057,0,0
0.411342,0.172013,0.376727,0.614727,2.18155e-05,0,0
0.593639,0.728039,0.419798,0.614856,0.0120221,0,0
0.234523,0.343367,0.750599,0.614925,0.0103604,0,0
0.119124,0.847773,0.510997,0.614942,0.01042,0,0
0.557494,0.562869,0.348082,0.615009,0.00427675,0,0
0.568799,0.411781,0.13797,0.615157,0.0188254,0,0
0.908159,0.324641,0.940011,0.615427,0.00753602,0,0
0.814635,0.538597,0.313057,0.615465,0.00866736,0,0
0.262881,0.39704,0.90173,0.61548,0.00333006,0,0
0.708327,0.339881,0.661368,0.615609,0.00815296,0,0
0.50117,0.687907,0.4784,0.615681,0.00813725,0,0
0.574316,0.438951,0.192788,0.615783,0.00896972,0,0
0.466464,0.424845,0.120968,0.61602,0.0043145,0,0
0.888889,0.035318,0.397455,0.616149,0.00659125,0,0
0.511133,0.700076,0.436486,0.616209,0.00482307,0,0
0.860659,0.522778,0.477644,0.616218,0.00312004,0,0
0.200161,0.31072,0.763654,0.616315,0.0045094,0,0
0.388829,0.342496,0.803984,0.616551,0.000818639,0,0
0.786464,0.292943,0.912154,0.616601,0.000521161,0,0
0.389299,0.751336,0.434018,0.616798,0.0040762,0,0
0.450934,0.409105,0.247078,0.616799,0.00499338,0,0
0.759648,0.513327,0.438419,0.616803,0.00227207,0,0
0.450974,0.130325,0.785075,0.616813,0.00130517,0,0
0.69361,0.896775,0.955287,0.616904,0.0037853,0,0
0.158789,0.430374,0.778627,0.616905,0.0034555,0,0
0.753348,0.662494,0.821136,0.616936,0.00841761,0,0
0.504755,0.375585,0.0381714,0.616941,0.00428621,0,0
0.168453,0.0413917,0.516715,0.617079,0.0039098,0,0
0.794089,0.961918,0.929822,0.617134,0.00256604,0,0
0.744606,0.0473201,0.920318,0.617135,0.00653199,0,0
0.205524,0.664994,0.750174,0.617171,0.00856309,0,0
0.547717,0.519176,0.162134,0.617186,0.00156337,0,0
0.938843,0.0155121,0.332877,0.617215,0.0042149,0,0
0.817451,0.993555,0.60407,0.617286,0.00174242,0,0
0.834877,0.36484,0.608677,0.617353,0.00366537,0,0
0.463307,0.057995,0.0515632,0.617512,0.011131,0,0
0.872213,0.634765,0.367374,0.617527,0.000370363,0,0
0.75518,0.798101,0.412516,0.617547,0.00423507,0,0
0.122666,0.0185851,0.0675294,0.61757,0.000548944,0,0
0.783667,0.407919,0.284553,0.617643,0.0068402,0,0
0.570611,0.493383,0.170258,0.617717,0.0075436,0,0
0.248122,0.585773,0.77694,0.617794,0.0017327,0,0
0.843692,0.569919,0.421364,0.617983,0.00180319,0,0
0.402768,0.871441,0.0919545,0.618126,0.00491827,0,0
0.970642,0.828688,0.623994,0.618204,0.00403201,0,0
0.479015,0.514385,0.340355,0.618469,0.0110396,0,0
0.28892,0.504956,0.449737,0.61863,5.02107e-05,0,0
0.374283,0.232633,0.403915,0.618738,0.000401528,0,0
0.607177,0.703827,0.282661,0.619013,0.00153796,0,0
0.264467,0.499991,0.581443,0.619103,0.00507777,0,0
0.16893,0.993709,0.497176,0.619267,0.00180769,0,0
0.372217,0.16355,0.980015,0.619286,0.00796552,0,0
0.726076,0.13391,0.0141669,0.619442,0.00955999,0,0
0.308547,0.0391097,0.371559,0.619479,0.000496381,0,0
0.251672,0.57745,0.363044,0.619611,0.00101244,0,0
0.448846,0.744499,0.447262,0.619659,0.00958263,0,0
0.254088,0.556799,0.921353,0.619724,0.00317735,0,0
0.121353,0.8025,0.894629,0.619779,0.00414517,0,0
0.312494,0.2694,0.62783,0.619974,0.0039369,0,0
0.915293,0.853911,0.701408,0.620109,0.00663255,0,0
0.408207,0.0734618,0.120486,0.62018,0.0101251,0,0
0.823634,0.528891,0.274762,0.620213,0.00122663,0,0
0.700654,0.27798,0.0901785,0.620277,0.000827482,0,0
0.432622,0.08984,0.772294,0.620297,0.00564612,0,0
0.0213562,0.638005,0.787482,0.620299,0.000273117,0,0
0.727243,0.865951,0.475872,0.620397,0.00360924,0,0
0.940112,0.0735424,0.918501,0.620462,0.00347903,0,0
0.726506,0.935574,0.859403,0.620543,0.00668405,0,0
0.497348,0.525235,0.269287,0.620589,0.00231612,0,0
0.778962,0.867693,0.956744,0.620592,0.000150298,0,0
0.188365,0.0810458,0.536456,0.620614,0.013065,0,0
0.160179,0.73953,0.878561,0.620634,0.00694512,0,0
0.453881,0.466538,0.246364,0.620683,0.00107611,0,0
0.820654,0.786858,0.102413,0.620696,0.00275217,0,0
0.28393,0.148316,0.469447,0.620748,0.0019989,0,0
0.707783,0.807598,0.48835,0.620848,0.000958185,0,0
0.220118,0.694371,0.312344,0.620938,0.00352006,0,0
0.199553,0.613533,0.00932221,0.621117,0.00125684,0,0
0.414085,0.191501,0.125678,0.621125,0.00692695,0,0
0.818768,0.411439,0.297316,0.621145,0.00297221,0,0
0.997332,0.855022,0.220029,0.62127,0.000146247,0,0
0.293903,0.220653,0.690022,0.621291,0.000254712,0,0
0.491184,0.932913,0.871213,0.621308,0.000764208,0,0
0.625711,0.61429,0.51483,0.621332,0.00130518,0,0
0.802332,0.563531,0.401723,0.621413,0.00300312,0,0
0.0961831,0.74514,0.235202,0.621428,0.00129484,0,0
0.569494,0.0803497,0.770051,0.621452,0.00397065,0,0
0.395903,0.0879205,0.778979,0.621533,0.00467913,0,0
0.045002,0.698204,0.760591,0.621551,0.00803295,0,0
0.884734,0.0427781,0.391821,0.621581,0.00239917,0,0
0.736556,0.0525277,0.923352,0.621605,0.00279308,0,0
0.498976,0.949192,0.802653,0.621671,0.00392019,0,0
0.308974,0.500477,0.186662,0.621871,0.00697603,0,0
0.506093,0.95921,0.873331,0.621915,0.0001396,0,0
0.941366,0.70655,0.662172,0.621924,0.000953321,0,0
0.27221,0.53329,0.777534,0.621968,0.00384302,0,0
0.954996,0.552667,0.83562,0.622005,0.00662436,0,0
0.3097,0.0909892,0.691118,0.622158,0.00384474,0,0
0.489504,0.954809,0.954673,0.622192,0.000597137,0,0
0.954317,0.683872,0.321473,0.622203,0.00855139,0,0
0.910878,0.0266328,0.495794,0.622279,0.00333724,0,0
0.895331,0.937072,0.158379,0.622388,0.00117167,0,0
0.834111,0.85698,0.0612061,0.62246,0.00277611,0,0
0.246196,0.662932,0.278567,0.622518,0.00127898,0,0
0.74559,0.596057,0.644954,0.622599,0.00156318,0,0
0.940818,0.969417,0.502085,0.622632,0.00672559,0,0
0.897341,0.944306,0.124526,0.622654,0.000611543,0,0
0.843292,0.416523,0.251083,0.622674,0.00488227,0,0
0.829541,0.900343,0.907668,0.62271,0.0101174,0,0
0.90307,0.669539,0.570513,0.622725,0.00538408,0,0
0.924195,0.954864,0.514388,0.622825,0.00171249,0,0
0.584004,0.418147,0.0967387,0.622932,0.0110145,0,0
0.879754,0.57853,0.481402,0.622961,0.00615679,0,0
0.622234,0.76653,0.391142,0.622973,0.000609019,0,0
0.00218727,0.558957,0.948869,0.622999,0.00355316,0,0
0.865608,0.0513709,0.544702,0.623136,0.00486449,0,0
0.875901,0.533008,0.497916,0.623183,0.00176945,0,0
0.509122,0.115201,0.740893,0.623246,0.00895639,0,0
0.513846,0.971521,0.950525,0.623344,0.00129393,0,0
0.854611,0.377132,0.365241,0.623387,0.00521806,0,0
0.159142,0.879187,0.544479,0.623591,0.00731239,0,0
0.399925,0.195504,0.115523,0.623734,0.00763515,0,0
0.284213,0.748209,0.978822,0.623767,0.00072548,0,0
0.891082,0.732527,0.012078,0.623789,0.0118328,0,0
0.57077,0.61266,0.347578,0.623816,0.000578133,0,0
0.967212,0.0921166,0.389356,0.624008,0.00350984,0,0
0.463898,0.373418,0.973188,0.624059,0.000277446,0,0
0.125256,0.616256,0.929876,0.624346,0.00204513,0,0
0.427026,0.947269,0.130148,0.624356,0.00498942,0,0
0.763183,0.991505,0.630477,0.624414,0.00689034,0,0
0.394735,0.334848,0.175582,0.624573,0.00137132,0,0
0.237565,0.610683,0.794259,0.624645,0.000843172,0,0
0.241214,0.881646,0.368742,0.624742,0.002539,0,0
0.173105,0.514037,0.601496,0.624767,0.0030989,0,0
0.373326,0.624355,0.937484,0.62484,0.000528905,0,0
0.188571,0.323181,0.758861,0.624914,0.000809779,0,0
0.204897,0.726477,0.695129,0.625128,0.00634638,0,0
0.803249,0.945218,0.937354,0.625248,0.00191724,0,0
0.580573,0.792464,0.355834,0.625377,0.000974812,0,0
0.833627,0.898146,0.97633,0.625451,0.00366883,0,0
0.286528,0.542293,0.812035,0.625474,0.00955173,0,0
0.15758,0.801356,0.400598,0.625539,0.00554869,0,0
0.102417,0.824148,0.858894,0.625673,0.0048437,0,0
0.243192,0.465173,0.758694,0.625778,0.00754263,0,0
0.855809,0.650903,0.993497,0.625828,0.00834696,0,0
0.254333,0.495144,0.702908,0.625836,0.002612,0,0
0.700611,0.771217,0.368941,0.626463,0.0113738,0,0
0.889588,0.383076,0.778457,0.626586,0.000554277,0,0
0.889179,0.681379,0.331507,0.626652,0.0020474,0,0
0.286751,0.731793,0.292386,0.6267,0.0016056,0,0
0.822494,0.302804,0.703758,0.626974,0.000676805,0,0
0.383713,0.12752,0.030279,0.627038,0.00746993,0,0
0.00161528,0.687568,0.707336,0.627072,0.00321898,0,0
0.786993,0.372409,0.153079,0.627427,0.00140166,0,0
0.592612,0.503092,0.114531,0.627514,0.00271983,0,0
0.241653,0.363264,0.770641,0.627811,0.00812108,0,0
0.360389,0.211482,0.000355118,0.627814,0.0012636,0,0
0.873954,0.91256,0.893292,0.627853,0.00655127,0,0
0.894875,0.60834,0.999405,0.627907,0.000337029,0,0
0.724621,0.824656,0.340157,0.627949,0.0019057,0,0
0.336574,0.275431,0.971291,0.628201,0.000107644,0,0
0.744284,0.585854,0.622296,0.628305,0.00259819,0,0
0.308422,0.291209,0.642361,0.628424,0.00875468,0,0
0.947341,0.965646,0.501387,0.628516,0.000840897,0,0
0.793352,0.510973,0.356876,0.628859,0.00297464,0,0
0.0124127,0.763665,0.87112,0.62889,0.000861532,0,0
0.266521,0.085701,0.383214,0.629012,0.00160422,0,0
0.229974,0.877653,0.486778,0.629247,0.00139529,0,0
0.921301,0.959918,0.476457,0.629345,0.000819199,0,0
0.134935,0.701308,0.815834,0.629346,0.00192425,0,0
0.951523,0.708723,0.986399,0.629361,0.0027391,0,0
0.762192,0.964138,0.92861,0.629363,0.000124197,0,0
0.995589,0.985874,0.993681,0.629424,0.000225906,0,0
0.0901914,0.0900118,0.370037,0.629738,0.000689341,0,0
0.293053,0.215485,0.671224,0.629877,0.00315785,0,0
0.162736,0.68753,0.754606,0.630096,0.00315552,0,0
0.196661,0.0628234,0.472723,0.630226,0.00829203,0,0
0.150307,0.015327,0.368113,0.630523,0.00684333,0,0
0.764133,0.942077,0.919195,0.630637,0.00232146,0,0
0.531989,0.0305545,0.752285,0.630769,0.00726449,0,0
0.336698,0.305152,0.646306,0.63115,0.00444067,0,0
0.142619,0.0685171,0.460448,0.631344,0.0039541,0,0
0.918715,0.778422,0.669871,0.631374,0.000836263,0,0
0.605587,0.424748,0.0764493,0.631396,0.00184967,0,0
0.679412,0.785551,0.44898,0.631465,0.00875995,0,0
0.667295,0.446088,0.2431,0.631564,1.69273e-05,0,0
0.154543,0.961988,0.361476,0.631629,0.000247856,0,0
0.921777,0.754829,0.901732,0.631634,0.000496068,0,0
0.207928,0.349221,0.798404,0.631728,0.000310088,0,0
0.625762,0.678345,0.35022,0.631766,0.00872531,0,0
0.456991,0.166147,0.0612232,0.631941,0.00138371,0,0
0.939099,0.738783,0.305467,0.632091,0.00600669,0,0
0.986469,0.143287,0.402062,0.632624,0.0023243,0,0
0.800947,0.928843,0.917209,0.632666,0.0070609,0,0
0.56596,0.387982,0.116664,0.632797,0.00721437,0,0
0.426288,0.108976,0.754755,0.632846,0.00242536,0,0
0.791249,0.859828,0.919767,0.633226,0.00056135,0,0
0.488267,0.516242,0.302089,0.63323,0.00196164,0,0
0.266446,0.94465,0.313435,0.633364,0.00403266,0,0
0.199822,0.656483,0.0413203,0.63339,0.00134618,0,0
0.577399,0.39627,0.0694082,0.633505,0.00229793,0,0
0.488296,0.3434,0.103439,0.633685,0.00348319,0,0
0.728525,0.63536,0.90868,0.633746,0.00119492,0,0
0.62151,0.443117,0.209744,0.633773,0.00545203,0,0
0.457223,0.750811,0.96704,0.634246,0.00145551,0,0
0.791149,0.94259,0.88816,0.634467,0.000315966,0,0
0.28192,0.437542,0.790532,0.634468,0.00239011,0,0
0.173799,0.86196,0.545186,0.634677,0.00345634,0,0
0.291474,0.537988,0.751583,0.634704,0.00189525,0,0
0.20354,0.858265,0.550012,0.63525,0.00175536,0,0
0.573981,0.771291,0.366298,0.635273,0.00293389,0,0
0.367501,0.322552,0.638196,0.635562,0.00293672,0,0
0.42576,0.861177,0.0989527,0.635566,0.00260955,0,0
0.637543,0.429078,0.221961,0.63557,0.00331191,0,0
0.693415,0.621796,0.383863,0.635624,0.0040792,0,0
0.832342,0.991331,0.966856,0.636129,7.05417e-05,0,0
0.887619,0.325068,0.575361,0.636933,0.00154202,0,0
0.798307,0.5017,0.318889,0.636961,0.00276729,0,0
0.995386,0.751162,0.734725,0.63722,0.000290506,0,0
0.184153,0.0499969,0.38514,0.637795,0.000147388,0,0
0.873594,0.70709,0.96746,0.638713,0.000168684,0,0
0.900527,0.415412,0.807597,0.638775,0.00178095,0,0
0.290651,0.497918,0.821663,0.639759,0.000368577,0,0
0.208565,0.489002,0.662933,0.639957,0.00108229,0,0
0.0494352,0.581982,0.769763,0.640028,0.000380494,0,0
0.141108,0.586236,0.968124,0.64064,0.00249986,0,0
0.429654,0.179807,0.0746907,0.642317,0.00361927,0,0
0.530007,0.070689,0.700921,0.64258,0.000409166,0,0
0.0422269,0.684502,0.80262,0.643673,0.00105191,0,0
0.308965,0.341276,0.660561,0.643797,0.000628905,0,0
0.26165,0.300358,0.66471,0.645222,0.00134321,0,0
0.199473,0.546296,0.638825,0.645394,0.000985673,0,0
0.189156,0.540746,0.631339,0.646248,0.000491806,0,0
0.387676,0.333793,0.212325,0.64657,0.0001217,0,0
0.264559,0.390609,0.737374,0.647183,0.00125522,0,0
0.437605,0.298867,0.101174,0.65069,0.00121931,0,0
0.435473,0.293605,0.105962,0.653889,0.000928029,0,0
