OriginTime,MinWait,MinSETI
5.24642,0.000342928,0
6.98876,0.000692818,0
8.49876,0.00137375,0
9.26967,0.00195183,0
9.66147,0.0025981,0
10.0335,0.00545097,0
10.259,0.00776709,0
10.445,0.00987597,0
10.6333,0.0122455,0
10.7772,0.0140883,0
10.9343,0.0152147,0
11.069,0.0161421,0
11.2124,0.0170278,0
11.3487,0.0178771,0
11.4501,0.0185572,0
11.5529,0.0192461,0
11.6448,0.0199935,0
11.7386,0.0209645,0
11.8312,0.0222164,0
11.9336,0.0235069,0
12.0166,0.0248971,0
12.1255,0.0259928,0
12.2148,0.0270645,0
12.292,0.0282362,0
12.3748,0.0293957,0
12.4401,0.0308886,0
12.5093,0.0322059,0
12.5788,0.0337374,0
12.6423,0.0350976,0
12.6998,0.0362905,0
12.7499,0.0374865,0
12.7956,0.0386007,0
12.86,0.0397401,0
12.9139,0.0407872,0
12.9776,0.0416416,0
13.0274,0.0425274,0
13.0796,0.0433844,0
13.1291,0.0441887,0
13.1901,0.0451091,0
13.2487,0.0459726,0
13.2988,0.0467176,0
13.3661,0.0475097,0
13.4165,0.0484999,0
13.4605,0.0495101,0
13.4973,0.0503504,0
13.5467,0.0511962,0
13.595,0.0522949,0
13.6356,0.0533082,0
13.6779,0.0542536,0
13.7198,0.0552795,0
13.7612,0.0563853,0
13.787,0.0573726,0
13.8007,0.0584498,0
13.8406,0.0595873,0
13.8764,0.0609122,0
13.9106,0.061953,0
13.9538,0.062976,0
13.9953,0.0641066,0
14.0252,0.0654785,0
14.0681,0.0665342,0
14.1019,0.0676269,0
14.1433,0.0687075,0
14.1836,0.0698741,0
14.2212,0.0710388,0
14.2507,0.0721451,0
14.2821,0.073377,0
14.3199,0.0744783,0
14.356,0.0755276,0
14.3994,0.0766376,0
14.4383,0.0778663,0
14.4754,0.0788902,0
14.5117,0.0802353,0
14.5439,0.0814086,0
14.5767,0.0824089,0
14.6059,0.0833114,0
14.6343,0.0842003,0
14.6665,0.0853611,0
14.7014,0.0867297,0
14.7294,0.0881548,0
14.7572,0.0892916,0
14.7863,0.0904065,0
14.8128,0.091505,0
14.8461,0.0927782,0
14.8738,0.0942836,0
14.9035,0.0961033,0
14.9318,0.0973876,0
14.9572,0.0987766,0
14.9857,0.0999166,0
15.0147,0.101375,0
15.0372,0.102825,0
15.0703,0.104337,0
15.0935,0.105636,0
15.1235,0.106759,0
15.1491,0.107882,0
15.178,0.109121,0
15.2019,0.110298,0
15.2214,0.111628,0
15.2456,0.113025,0
15.2701,0.114454,0
15.3003,0.115475,0
15.3257,0.116564,0
15.3455,0.11768,0
15.3701,0.118619,0
15.3968,0.12006,0
15.4232,0.121597,0
15.4452,0.122885,0
15.4665,0.124087,0
15.4905,0.125144,0
15.516,0.126361,0
15.5352,0.127415,0
15.5563,0.128456,0
15.5791,0.129888,0
15.6031,0.131264,0
15.6238,0.132501,0
15.6525,0.133808,0
15.6747,0.134958,0
15.6957,0.136397,0
15.7202,0.137502,0
15.7393,0.138645,0
15.7628,0.140087,0
15.7841,0.141196,0
15.8126,0.14277,0
15.8309,0.144206,0
15.8538,0.145387,0
15.8761,0.146883,0
15.8994,0.148134,0
15.9172,0.149249,0
15.9418,0.150575,0
15.9661,0.15197,0
15.9882,0.153361,0
16.0086,0.154798,0
16.0293,0.156316,0
16.0515,0.157836,0
16.0698,0.159096,0
16.0908,0.16052,0
16.1112,0.161994,0
16.1289,0.163076,0
16.1559,0.164596,0
16.1723,0.166226,0
16.1914,0.167807,0
16.2095,0.16959,0
16.2288,0.171142,0
16.2442,0.172725,0
16.2652,0.174297,0
16.2872,0.175833,0
16.3072,0.177403,0
16.3276,0.178735,0
16.3446,0.180697,0
16.3598,0.182079,0
16.3733,0.183461,0
16.3922,0.18492,0
16.4094,0.186423,0
16.4272,0.188123,0
16.4432,0.189763,0
16.4602,0.191355,0
16.4729,0.192814,0
16.49,0.194157,0
16.5043,0.195681,0
16.5218,0.196837,0
16.5375,0.198349,0
16.5529,0.199815,0
16.5705,0.201512,0
16.5845,0.202962,0
16.5974,0.204352,0
16.6161,0.205702,0
16.6317,0.206994,0
16.6485,0.208226,0
16.6646,0.209524,0
16.6827,0.21095,0
16.7001,0.212332,0
16.7172,0.213564,0
16.7343,0.214936,0
16.7511,0.216317,0
16.7689,0.217437,0
16.7828,0.218835,0
16.7989,0.219978,0
16.8125,0.221257,0
16.8296,0.22262,0
16.8462,0.223812,0
16.8603,0.224987,0
16.8743,0.226364,0
16.8926,0.227508,0
16.9065,0.228613,0
16.9243,0.229621,0
16.938,0.230575,0
16.954,0.231927,0
16.9686,0.233065,0
16.9834,0.234077,0
16.995,0.235516,0
17.0115,0.236456,0
17.0247,0.238057,0
17.0392,0.239301,0
17.0589,0.240901,0
17.0721,0.24198,0
17.0887,0.243092,0
17.1038,0.244474,0
17.1211,0.245676,0
17.1383,0.246706,0
17.154,0.247831,0
17.1699,0.248798,0
17.1862,0.249947,0
17.1988,0.250857,0
17.2137,0.252244,0
17.2297,0.253268,0
17.246,0.254636,0
17.2575,0.255856,0
17.2715,0.257195,0
17.2922,0.258774,0
17.3072,0.259981,0
17.32,0.261337,0
17.3342,0.262559,0
17.3459,0.263367,0
17.3596,0.264576,0
17.3751,0.265885,0
17.3874,0.2668,0
17.4006,0.267702,0
17.4162,0.268615,0
17.429,0.269806,0
17.4429,0.270909,0
17.4575,0.271978,0
17.4701,0.273011,0
17.4831,0.27438,0
17.4954,0.275428,0
17.5099,0.276658,0
17.5247,0.278018,0
17.5376,0.279334,0
17.5496,0.280491,0
17.5633,0.281572,0
17.5761,0.282532,0
17.5906,0.283986,0
17.6046,0.285263,0
17.6168,0.286321,0
17.6322,0.287445,0
17.6465,0.288492,0
17.6603,0.289711,0
17.6752,0.290774,0
17.688,0.29191,0
17.6996,0.293337,0
17.7108,0.294326,0
17.7229,0.295347,0
17.7339,0.296457,0
17.7469,0.297351,0
17.7588,0.298671,0
17.7714,0.299814,0
17.7849,0.301294,0
17.7974,0.302589,0
17.8111,0.303912,0
17.8223,0.305006,0
17.8363,0.306243,0
17.8476,0.307487,0
17.8619,0.309143,0
17.8731,0.310273,0
17.8862,0.311296,0
17.8979,0.312757,0
17.9076,0.313897,0
17.9198,0.314865,0
17.9336,0.316142,0
17.9439,0.317323,0
17.9558,0.318567,0
17.9666,0.3198,0
17.9776,0.320853,0
17.9889,0.322034,0
17.9997,0.323137,0
18.0125,0.324258,0
18.0237,0.32539,0
18.0347,0.32667,0
18.0447,0.327999,0
18.059,0.329242,0
18.0715,0.330699,0
18.0831,0.331712,0
18.0962,0.332885,0
18.1071,0.334238,0
18.1204,0.335439,0
18.1333,0.336671,0
18.1449,0.337992,0
18.1552,0.339292,0
18.1653,0.340555,0
18.1772,0.341639,0
18.188,0.34273,0
18.1971,0.344007,0
18.2094,0.345439,0
18.22,0.346589,0
18.2312,0.347885,0
18.2421,0.349368,0
18.256,0.350598,0
18.2685,0.351841,0
18.2799,0.353188,0
18.292,0.354404,0
18.3022,0.3558,0
18.3126,0.356952,0
18.3244,0.358078,0
18.3361,0.359427,0
18.348,0.360661,0
18.3575,0.361536,0
18.37,0.362722,0
18.3797,0.363728,0
18.3926,0.364994,0
18.4025,0.366416,0
18.4154,0.368001,0
18.4248,0.369482,0
18.4361,0.370706,0
18.4477,0.372283,0
18.4554,0.373697,0
18.4675,0.375008,0
18.4772,0.376367,0
18.4867,0.377615,0
18.4964,0.379111,0
18.5084,0.380537,0
18.5193,0.381765,0
18.5308,0.383188,0
18.5398,0.384338,0
18.5496,0.385511,0
18.5604,0.386775,0
18.5707,0.388015,0
18.5819,0.389411,0
18.5926,0.390762,0
18.6035,0.392176,0
18.6134,0.393553,0
18.625,0.394833,0
18.6335,0.396397,0
18.6438,0.398066,0
18.6525,0.39939,0
18.6645,0.40064,0
18.6756,0.401935,0
18.6848,0.403137,0
18.6933,0.404428,0
18.7043,0.406174,0
18.7135,0.407354,0
18.724,0.408519,0
18.7333,0.409706,0
18.7429,0.411359,0
18.7552,0.412594,0
18.7643,0.413741,0
18.7745,0.415288,0
18.7838,0.41655,0
18.7942,0.418112,0
18.8027,0.419315,0
18.8115,0.420387,0
18.8222,0.42207,0
18.8321,0.42349,0
18.8437,0.424843,0
18.8543,0.426134,0
18.8663,0.427403,0
18.8763,0.429083,0
18.8843,0.430218,0
18.8929,0.431522,0
18.9047,0.432685,0
18.9141,0.433949,0
18.9263,0.43519,0
18.9362,0.436671,0
18.9455,0.438006,0
18.9578,0.439468,0
18.9695,0.440715,0
18.9796,0.442161,0
18.9884,0.443219,0
18.9999,0.4444,0
19.0098,0.445659,0
19.0166,0.447106,0
19.0267,0.448552,0
19.0349,0.449552,0
19.0427,0.450846,0
19.0529,0.451985,0
19.0632,0.453304,0
19.0727,0.454647,0
19.0841,0.45588,0
19.0929,0.457078,0
19.103,0.458247,0
19.113,0.459823,0
19.1226,0.460977,0
19.1334,0.462172,0
19.1418,0.463555,0
19.1547,0.464901,0
19.1622,0.466305,0
19.1741,0.467924,0
19.1849,0.469243,0
19.194,0.470634,0
19.2035,0.471875,0
19.2127,0.473144,0
19.2224,0.474459,0
19.2307,0.47563,0
19.2398,0.476809,0
19.2472,0.478227,0
19.2571,0.479327,0
19.2667,0.480388,0
19.2771,0.481548,0
19.2847,0.482995,0
19.2936,0.48397,0
19.3053,0.485055,0
19.3128,0.486352,0
19.3236,0.487488,0
19.3336,0.488418,0
19.343,0.489597,0
19.3514,0.490986,0
19.3617,0.492015,0
19.3706,0.493352,0
19.3808,0.494607,0
19.3905,0.49569,0
19.4003,0.496848,0
19.4094,0.498436,0
19.418,0.499744,0
19.4285,0.500935,0
19.4364,0.502308,0
19.4458,0.503614,0
19.4561,0.505086,0
19.4637,0.506698,0
19.4709,0.508069,0
19.4809,0.509114,0
19.4911,0.510387,0
19.502,0.511577,0
19.5137,0.512778,0
19.5206,0.513925,0
19.5304,0.515042,0
19.5378,0.51623,0
19.5466,0.517417,0
19.5553,0.518519,0
19.5634,0.519674,0
19.5718,0.521071,0
19.5786,0.522198,0
19.5882,0.523303,0
19.5963,0.524431,0
19.6049,0.525671,0
19.6116,0.526723,0
19.6224,0.527826,0
19.6298,0.528817,0
19.6389,0.529964,0
19.6477,0.531097,0
19.6551,0.532312,0
19.6637,0.53351,0
19.6724,0.534872,0
19.6809,0.536127,0
19.6895,0.537336,0
19.6962,0.538503,0
19.7057,0.539778,0
19.7146,0.54105,0
19.7229,0.542527,0
19.7302,0.543862,0
19.7361,0.545177,0
19.7436,0.546423,0
19.752,0.547746,0
19.7612,0.549257,0
19.7714,0.550159,0
19.7804,0.551803,0
19.7894,0.553127,0
19.797,0.554624,0
19.8055,0.555968,0
19.8137,0.55706,0
19.8239,0.558471,0
19.8323,0.559776,0
19.8389,0.561131,0
19.8468,0.562298,0
19.8547,0.563752,0
19.8611,0.564799,0
19.8696,0.565922,0
19.8765,0.567326,0
19.8841,0.568649,0
19.8921,0.569982,0
19.8984,0.571378,0
19.9064,0.572583,0
19.9156,0.57359,0
19.9236,0.57471,0
19.9316,0.576207,0
19.94,0.577418,0
19.9487,0.579063,0
19.9552,0.580165,0
19.9631,0.581244,0
19.9714,0.582782,0
19.9789,0.584198,0
19.9859,0.585821,0
19.9946,0.586804,0
20.0008,0.588212,0
20.0086,0.589894,0
20.0147,0.591414,0
20.0225,0.593016,0
20.0304,0.59434,0
20.0379,0.595959,0
20.0476,0.59755,0
20.0562,0.59901,0
20.0632,0.600598,0
20.0699,0.60236,0
20.0769,0.603876,0
20.0854,0.605555,0
20.093,0.607032,0
20.1009,0.608509,0
20.1086,0.609907,0
20.1144,0.611295,0
20.1232,0.612887,0
20.1326,0.614201,0
20.1416,0.615485,0
20.1503,0.616789,0
20.1571,0.618138,0
20.1663,0.61945,0
20.1731,0.620828,0
20.1811,0.622025,0
20.1879,0.623399,0
20.1961,0.624532,0
20.2042,0.626021,0
20.2136,0.627731,0
20.2208,0.629239,0
20.2291,0.630563,0
20.2377,0.631862,0
20.2456,0.633512,0
20.2537,0.63494,0
20.2605,0.636317,0
20.2687,0.637832,0
20.2764,0.639517,0
20.2836,0.641313,0
20.2902,0.642848,0
20.2984,0.644432,0
20.3059,0.645887,0
20.3125,0.647405,0
20.3203,0.6488,0
20.3271,0.651238,0
20.3347,0.652665,0
20.3423,0.654144,0
20.3496,0.655711,0
20.3563,0.657151,0
20.3649,0.658631,0
20.3733,0.660318,0
20.382,0.661763,0
20.3911,0.663095,0
20.3991,0.66472,0
20.4072,0.666273,0
20.4155,0.667701,0
20.4227,0.669443,0
20.4315,0.670841,0
20.4409,0.672326,0
20.4467,0.673686,0
20.4549,0.675084,0
20.4637,0.676391,0
20.4717,0.67795,0
20.4785,0.679321,0
20.4855,0.681205,0
20.4928,0.682738,0
20.502,0.684348,0
20.5094,0.685643,0
20.5182,0.687121,0
20.5264,0.688551,0
20.5342,0.690222,0
20.542,0.69167,0
20.5512,0.693321,0
20.5591,0.694908,0
20.5688,0.696578,0
20.5774,0.698095,0
20.5856,0.699881,0
20.5915,0.701969,0
20.5994,0.703927,0
20.6082,0.705739,0
20.6159,0.707468,0
20.6243,0.709072,0
20.6316,0.710869,0
20.641,0.712268,0
20.6499,0.713926,0
20.6581,0.715784,0
20.6671,0.717875,0
20.6762,0.719639,0
20.6839,0.721307,0
20.6909,0.723048,0
20.6998,0.724516,0
20.7074,0.726158,0
20.7154,0.727622,0
20.7223,0.729206,0
20.7307,0.730691,0
20.7387,0.732486,0
20.7465,0.734216,0
20.7537,0.735733,0
20.7609,0.737883,0
20.7686,0.739193,0
20.7752,0.740627,0
20.7821,0.742457,0
20.7913,0.743992,0
20.7998,0.745807,0
20.8086,0.747857,0
20.8158,0.749403,0
20.8231,0.750998,0
20.8315,0.752811,0
20.8394,0.754546,0
20.8486,0.756383,0
20.8552,0.758437,0
20.8631,0.760366,0
20.87,0.762246,0
20.8763,0.763926,0
20.8821,0.765334,0
20.8899,0.767142,0
20.8992,0.769015,0
20.9072,0.770765,0
20.9148,0.772245,0
20.923,0.773939,0
20.9312,0.775529,0
20.9387,0.777236,0
20.9467,0.77915,0
20.9563,0.780833,0
20.9631,0.782406,0
20.9698,0.784017,0
20.9757,0.785531,0
20.9821,0.787157,0
20.9895,0.788944,0
20.9977,0.790737,0
21.0049,0.792154,0
21.0116,0.793949,0
21.0179,0.795579,0
21.0238,0.797191,0
21.0314,0.798841,0
21.0382,0.80045,0
21.0449,0.801924,0
21.0526,0.803567,0
21.0601,0.805482,0
21.0666,0.807159,0
21.075,0.80884,0
21.0835,0.810792,0
21.0913,0.812748,0
21.1003,0.81462,0
21.1075,0.816253,0
21.1136,0.817569,0
21.1209,0.819169,0
21.127,0.821039,0
21.1362,0.822833,0
21.1435,0.824619,0
21.1493,0.826528,0
21.1573,0.828241,0
21.163,0.829618,0
21.1704,0.831282,0
21.1768,0.832765,0
21.1835,0.834719,0
21.1919,0.836079,0
21.1983,0.837601,0
21.2051,0.839525,0
21.2123,0.840895,0
21.2189,0.842589,0
21.225,0.843612,0
21.2318,0.845531,0
21.238,0.846926,0
21.2454,0.848469,0
21.252,0.849744,0
21.259,0.8514,0
21.266,0.853075,0
21.2712,0.854431,0
21.2779,0.856137,0
21.2841,0.857975,0
21.2913,0.859439,0
21.2988,0.861241,0
21.3056,0.863076,0
21.3107,0.864805,0
21.3177,0.86622,0
21.3239,0.867915,0
21.3312,0.869442,0
21.3392,0.871299,0
21.3478,0.872789,0
21.3544,0.874366,0
21.3605,0.876275,0
21.3666,0.878433,0
21.3728,0.879741,0
21.3798,0.881779,0
21.3869,0.883574,0
21.3931,0.885501,0
21.3992,0.887152,0
21.4061,0.889027,0
21.4121,0.890459,0
21.4179,0.892079,0
21.4236,0.893706,0
21.431,0.8958,0
21.4393,0.897188,0
21.4453,0.898658,0
21.4514,0.900171,0
21.4566,0.901748,0
21.4612,0.903141,0
21.4688,0.904698,0
21.4753,0.906231,0
21.482,0.908203,0
21.489,0.90988,0
21.495,0.911383,0
21.5008,0.912754,0
21.5069,0.91407,0
21.5126,0.915314,0
21.5194,0.917073,0
21.528,0.918854,0
21.5342,0.920196,0
21.5412,0.921597,0
21.5479,0.923039,0
21.5542,0.924466,0
21.5606,0.925887,0
21.5688,0.927576,0
21.5758,0.92934,0
21.5834,0.930914,0
21.5908,0.932698,0
21.5977,0.934489,0
21.6037,0.936215,0
21.6114,0.93785,0
21.618,0.939272,0
21.6239,0.940756,0
21.6313,0.942587,0
21.6398,0.944213,0
21.6463,0.945837,0
21.6545,0.94767,0
21.6608,0.949085,0
21.6679,0.951048,0
21.675,0.952646,0
21.681,0.95438,0
21.6878,0.956352,0
21.6955,0.958161,0
21.7007,0.959529,0
21.707,0.961326,0
21.7131,0.963077,0
21.7187,0.964795,0
21.7258,0.96635,0
21.7319,0.967663,0
21.7385,0.969659,0
21.7451,0.97157,0
21.7525,0.973309,0
21.7581,0.97466,0
21.7648,0.976046,0
21.772,0.97765,0
21.7784,0.979285,0
21.7838,0.98061,0
21.7908,0.9822,0
21.798,0.983774,0
21.8039,0.98528,0
21.8116,0.987074,0
21.818,0.988756,0
21.8243,0.990204,0
21.8317,0.991705,0
21.8371,0.993394,0
21.8444,0.994702,0
21.8517,0.99605,0
21.8587,0.997863,0
21.8644,0.999916,0
21.871,1.0016,0
21.877,1.00277,0
21.884,1.0043,0
21.8907,1.00594,0
21.8978,1.00793,0
21.905,1.00955,0
21.9133,1.01112,0
21.9198,1.01292,0
21.9265,1.01453,0
21.9341,1.01614,0
21.9399,1.01788,0
21.946,1.01944,0
21.9526,1.0212,0
21.9593,1.02275,0
21.9641,1.02439,0
21.9705,1.02616,0
21.9771,1.02763,0
21.9841,1.02973,0
21.9919,1.03165,0
21.9977,1.03353,0
22.0053,1.03512,0
22.0118,1.03652,0
22.0184,1.03826,0
22.0271,1.04002,0
22.0343,1.04188,0
22.0408,1.04373,0
22.0474,1.04551,0
22.0527,1.0472,0
22.0598,1.04872,0
22.0683,1.05018,0
22.0759,1.05192,0
22.0812,1.0534,0
22.0878,1.05465,0
22.0968,1.05642,0
22.104,1.05804,0
22.1112,1.05973,0
22.1168,1.06158,0
22.1227,1.06329,0
22.129,1.06511,0
22.1358,1.06649,0
22.1431,1.06813,0
22.151,1.06986,0
22.1597,1.0714,0
22.1672,1.07319,0
22.1738,1.07469,0
22.1804,1.07629,0
22.1868,1.07805,0
22.1944,1.08025,0
22.2009,1.08166,0
22.2071,1.08321,0
22.2148,1.08521,0
22.2212,1.0868,0
22.2282,1.08862,0
22.2346,1.09023,0
22.2393,1.0922,0
22.247,1.09384,0
22.2542,1.0956,0
22.2597,1.09776,0
22.2665,1.0995,0
22.2733,1.10142,0
22.2814,1.10295,0
22.2892,1.10475,0
22.2958,1.10623,0
22.3032,1.10783,0
22.3093,1.10938,0
22.316,1.11126,0
22.3234,1.113,0
22.3297,1.11465,0
22.337,1.11638,0
22.3441,1.11791,0
22.351,1.11922,0
22.3584,1.1211,0
22.3637,1.12285,0
22.3702,1.12425,0
22.3771,1.12608,0
22.3859,1.12774,0
22.3938,1.12916,0
22.4009,1.13094,0
22.4063,1.13306,0
22.4122,1.1348,0
22.4183,1.13628,0
22.4239,1.13771,0
22.4301,1.13925,0
22.4365,1.14107,0
22.4427,1.14248,0
22.4497,1.14376,0
22.4566,1.14555,0
22.464,1.1471,0
22.4713,1.14875,0
22.4768,1.15043,0
22.4826,1.1525,0
22.4887,1.15417,0
22.4955,1.15622,0
22.5014,1.15786,0
22.5079,1.15962,0
22.515,1.16129,0
22.5213,1.16305,0
22.5282,1.165,0
22.5353,1.16658,0
22.5434,1.16823,0
22.5489,1.17007,0
22.5574,1.17157,0
22.5648,1.1732,0
22.5738,1.1749,0
22.5799,1.17686,0
22.5867,1.17843,0
22.5932,1.18014,0
22.5993,1.18187,0
22.6055,1.18332,0
22.6133,1.18494,0
22.6191,1.18676,0
22.6253,1.1888,0
22.6303,1.1904,0
22.6376,1.1922,0
22.6445,1.19378,0
22.6517,1.19547,0
22.6581,1.19718,0
22.6637,1.19913,0
22.6707,1.20091,0
22.6775,1.20242,0
22.6847,1.20415,0
22.6911,1.20597,0
22.6982,1.20762,0
22.7044,1.20959,0
22.7105,1.21118,0
22.7169,1.2128,0
22.7225,1.21486,0
22.7293,1.21634,0
22.7352,1.21794,0
22.7411,1.21966,0
22.7472,1.22163,0
22.7539,1.22337,0
22.7604,1.22517,0
22.7676,1.22676,0
22.7751,1.22864,0
22.7828,1.23004,0
22.7887,1.23182,0
22.7957,1.2335,0
22.8025,1.23508,0
22.8077,1.23708,0
22.8159,1.23853,0
22.8238,1.24029,0
22.8295,1.2419,0
22.837,1.2436,0
22.8456,1.24545,0
22.8511,1.24739,0
22.8591,1.24882,0
22.867,1.24997,0
22.8745,1.25229,0
22.8806,1.25365,0
22.8883,1.2553,0
22.8946,1.257,0
22.9017,1.25862,0
22.9078,1.26018,0
22.9137,1.2618,0
22.9211,1.26317,0
22.9283,1.26491,0
22.9336,1.26687,0
22.9404,1.26868,0
22.9466,1.27027,0
22.9525,1.2723,0
22.9578,1.27447,0
22.964,1.2762,0
22.9705,1.27766,0
22.9773,1.27946,0
22.9845,1.28169,0
22.9915,1.28359,0
22.9977,1.28548,0
23.0035,1.2874,0
23.0097,1.28923,0
23.0161,1.29074,0
23.0224,1.29221,0
23.029,1.29373,0
23.0354,1.29556,0
23.0419,1.29713,0
23.0484,1.29924,0
23.054,1.30102,0
23.0613,1.30265,0
23.0688,1.30422,0
23.0748,1.3057,0
23.0818,1.30754,0
23.09,1.30942,0
23.097,1.31117,0
23.104,1.31263,0
23.1102,1.31447,0
23.1168,1.31619,0
23.1231,1.31791,0
23.1277,1.31977,0
23.1339,1.32162,0
23.1387,1.32314,0
23.1435,1.32483,0
23.1492,1.32672,0
23.1571,1.32791,0
23.1616,1.32957,0
23.1684,1.33142,0
23.1738,1.3329,0
23.1799,1.33472,0
23.1866,1.33673,0
23.193,1.33838,0
23.2004,1.34018,0
23.2068,1.34192,0
23.2134,1.34353,0
23.2215,1.34509,0
23.2276,1.347,0
23.2326,1.34935,0
23.239,1.35069,0
23.2446,1.35233,0
23.251,1.35394,0
23.259,1.35602,0
23.2651,1.35795,0
23.2702,1.35982,0
23.2767,1.36166,0
23.2837,1.36324,0
23.2902,1.36523,0
23.2968,1.36699,0
23.303,1.36872,0
23.3087,1.37095,0
23.3149,1.3728,0
23.3192,1.37502,0
23.3248,1.37679,0
23.33,1.37835,0
23.3362,1.38001,0
23.3424,1.38215,0
23.349,1.38391,0
23.3563,1.38592,0
23.3636,1.38834,0
23.3692,1.38986,0
23.3763,1.39151,0
23.3815,1.3932,0
23.3874,1.39473,0
23.3942,1.39633,0
23.4001,1.39836,0
23.4071,1.40022,0
23.4124,1.40203,0
23.4181,1.40388,0
23.425,1.4057,0
23.4307,1.40712,0
23.4368,1.40886,0
23.4428,1.41037,0
23.4494,1.41209,0
23.456,1.41387,0
23.4622,1.41583,0
23.4691,1.41812,0
23.4758,1.41974,0
23.4822,1.42137,0
23.4888,1.423,0
23.4963,1.42432,0
23.5023,1.42623,0
23.5084,1.42834,0
23.5124,1.43004,0
23.5183,1.43162,0
23.5237,1.43338,0
23.5299,1.43534,0
23.5366,1.43695,0
23.5439,1.43889,0
23.552,1.44062,0
23.5589,1.44267,0
23.5647,1.444,0
23.5701,1.44548,0
23.5758,1.44736,0
23.5823,1.44904,0
23.5879,1.45121,0
23.5951,1.45345,0
23.6014,1.45536,0
23.6072,1.45722,0
23.6128,1.45892,0
23.6206,1.46103,0
23.6267,1.46294,0
23.6317,1.46475,0
23.6367,1.46654,0
23.6428,1.46811,0
23.6509,1.47064,0
23.6577,1.47291,0
23.6641,1.47489,0
23.671,1.47645,0
23.6772,1.47817,0
23.6835,1.48046,0
23.6898,1.48249,0
23.6955,1.48442,0
23.7021,1.48637,0
23.708,1.48821,0
23.7135,1.49017,0
23.7191,1.49225,0
23.7279,1.49451,0
23.734,1.49666,0
23.7408,1.49888,0
23.7473,1.50108,0
23.7537,1.50316,0
23.7598,1.50496,0
23.7668,1.50693,0
23.7732,1.50853,0
23.7788,1.51034,0
23.785,1.51292,0
23.7921,1.51477,0
23.7992,1.51672,0
23.807,1.51853,0
23.8141,1.52061,0
23.8199,1.52291,0
23.8268,1.52489,0
23.8332,1.52685,0
23.8396,1.52862,0
23.8459,1.53047,0
23.8534,1.5322,0
23.8602,1.53416,0
23.867,1.53611,0
23.8729,1.53839,0
23.8796,1.54066,0
23.8855,1.54229,0
23.8917,1.54434,0
23.8981,1.5465,0
23.9044,1.54849,0
23.9099,1.55075,0
23.9157,1.55234,0
23.9232,1.55398,0
23.9309,1.55587,0
23.9376,1.5579,0
23.9442,1.56009,0
23.9492,1.56167,0
23.9547,1.56373,0
23.9613,1.56559,0
23.9668,1.56796,0
23.9741,1.57,0
23.9807,1.57169,0
23.9885,1.57356,0
23.994,1.57544,0
24.0013,1.57768,0
24.0073,1.57934,0
24.0135,1.58108,0
24.0201,1.58291,0
24.0281,1.58491,0
24.0333,1.58711,0
24.0412,1.58939,0
24.0466,1.59164,0
24.0523,1.59341,0
24.0587,1.59543,0
24.0644,1.59713,0
24.0714,1.5991,0
24.0783,1.60117,0
24.0853,1.60406,0
24.0912,1.60644,0
24.0991,1.6086,0
24.1046,1.61024,0
24.1116,1.6122,0
24.12,1.61436,0
24.1266,1.61699,0
24.1334,1.61884,0
24.1411,1.62084,0
24.1479,1.62348,0
24.1548,1.62615,0
24.16,1.62809,0
24.1669,1.63033,0
24.1728,1.63233,0
24.1809,1.63487,0
24.1864,1.63708,0
24.1925,1.63927,0
24.1983,1.64193,0
24.2042,1.6447,0
24.2106,1.64682,0
24.217,1.64912,0
24.2238,1.65141,0
24.2315,1.65358,0
24.238,1.65561,0
24.2441,1.65751,0
24.2511,1.65945,0
24.2581,1.66189,0
24.2637,1.66415,0
24.2697,1.66604,0
24.2769,1.66851,0
24.2835,1.67082,0
24.2893,1.67274,0
24.2968,1.67472,0
24.3059,1.67665,0
24.3128,1.67912,0
24.3186,1.68157,0
24.3267,1.68346,0
24.3347,1.68556,0
24.3409,1.6877,0
24.3481,1.68963,0
24.3557,1.69133,0
24.3625,1.6933,0
24.3702,1.69537,0
24.3776,1.69753,0
24.3858,1.69965,0
24.3908,1.70188,0
24.398,1.70352,0
24.4042,1.70585,0
24.4096,1.70772,0
24.4164,1.70957,0
24.4234,1.71207,0
24.431,1.71467,0
24.4383,1.71632,0
24.4446,1.71855,0
24.4514,1.72085,0
24.4589,1.72328,0
24.4661,1.72528,0
24.4722,1.72726,0
24.4793,1.72985,0
24.4865,1.73253,0
24.4938,1.73469,0
24.5006,1.73639,0
24.5072,1.73827,0
24.514,1.74086,0
24.5201,1.74305,0
24.5281,1.74508,0
24.5335,1.74721,0
24.5396,1.74918,0
24.5473,1.75172,0
24.5535,1.75417,0
24.5593,1.75613,0
24.5665,1.75833,0
24.5735,1.76068,0
24.5793,1.76309,0
24.5859,1.76515,0
24.5928,1.76743,0
24.5991,1.7699,0
24.6057,1.77248,0
24.6125,1.77458,0
24.6197,1.77684,0
24.6266,1.77925,0
24.6331,1.78215,0
24.6396,1.78386,0
24.646,1.78621,0
24.6527,1.78854,0
24.6597,1.79064,0
24.6683,1.79278,0
24.674,1.79485,0
24.6808,1.79712,0
24.6869,1.79937,0
24.6946,1.80162,0
24.7017,1.8036,0
24.7085,1.80582,0
24.716,1.80841,0
24.7216,1.81098,0
24.7279,1.8133,0
24.7339,1.81557,0
24.7414,1.81789,0
24.7493,1.82021,0
24.757,1.82242,0
24.7648,1.82412,0
24.7712,1.82607,0
24.7786,1.82871,0
24.7862,1.83067,0
24.7932,1.83313,0
24.7993,1.83596,0
24.8057,1.83864,0
24.8127,1.8404,0
24.8193,1.84257,0
24.8263,1.84411,0
24.8329,1.84632,0
24.8405,1.84879,0
24.8474,1.85091,0
24.8545,1.8534,0
24.8615,1.85584,0
24.869,1.85775,0
24.8763,1.85988,0
24.8841,1.86231,0
24.8925,1.86413,0
24.8997,1.86646,0
24.9061,1.86872,0
24.913,1.87064,0
24.9191,1.87322,0
24.9257,1.87556,0
24.9333,1.87833,0
24.9423,1.88045,0
24.9477,1.88258,0
24.9543,1.88473,0
24.959,1.88743,0
24.9655,1.88969,0
24.9717,1.89184,0
24.9783,1.89433,0
24.9842,1.89666,0
24.9906,1.89881,0
24.9973,1.90134,0
25.0036,1.90348,0
25.0105,1.90644,0
25.018,1.90852,0
25.0241,1.91088,0
25.0317,1.91322,0
25.0377,1.91634,0
25.0439,1.91842,0
25.0516,1.92075,0
25.0581,1.92263,0
25.0651,1.92465,0
25.0727,1.92735,0
25.0804,1.93035,0
25.0858,1.9327,0
25.0942,1.93463,0
25.1004,1.93685,0
25.1076,1.93913,0
25.1135,1.94144,0
25.1211,1.9442,0
25.127,1.94711,0
25.1333,1.94955,0
25.1416,1.95165,0
25.149,1.95414,0
25.1562,1.95663,0
25.165,1.95877,0
25.172,1.9615,0
25.1794,1.96421,0
25.187,1.96663,0
25.1929,1.96953,0
25.2014,1.97197,0
25.2107,1.97442,0
25.2188,1.97653,0
25.2256,1.97885,0
25.2325,1.98128,0
25.2385,1.98354,0
25.2445,1.98604,0
25.2507,1.98883,0
25.2574,1.9916,0
25.2634,1.99391,0
25.2702,1.99618,0
25.2776,1.99911,0
25.2843,2.00203,0
25.2921,2.00449,0
25.3002,2.00718,0
25.3065,2.00975,0
25.3121,2.01241,0
25.3184,2.01432,0
25.3236,2.01713,0
25.3317,2.01973,0
25.3395,2.02276,0
25.3467,2.02559,0
25.3526,2.02799,0
25.3584,2.03065,0
25.364,2.03268,0
25.37,2.03498,0
25.3751,2.03709,0
25.3827,2.03916,0
25.3894,2.04204,0
25.3963,2.04495,0
25.4028,2.04708,0
25.4108,2.04982,0
25.418,2.05342,0
25.4253,2.05615,0
25.4336,2.05897,0
25.4405,2.06174,0
25.4477,2.064,0
25.4549,2.06667,0
25.4607,2.06919,0
25.4667,2.07199,0
25.4727,2.07446,0
25.4793,2.07679,0
25.4863,2.07962,0
25.4922,2.08206,0
25.5016,2.08483,0
25.5078,2.08788,0
25.5148,2.08999,0
25.5209,2.09258,0
25.5281,2.09479,0
25.536,2.09734,0
25.5434,2.10064,0
25.5524,2.10327,0
25.5602,2.10649,0
25.5661,2.11004,0
25.572,2.11283,0
25.5803,2.11555,0
25.5866,2.1187,0
25.595,2.12135,0
25.6011,2.12413,0
25.6068,2.12721,0
25.6141,2.1301,0
25.6216,2.1334,0
25.6287,2.13668,0
25.6357,2.1402,0
25.6421,2.14269,0
25.6487,2.14554,0
25.656,2.14803,0
25.6637,2.15022,0
25.6696,2.15316,0
25.6765,2.15588,0
25.6821,2.15899,0
25.6892,2.16165,0
25.6962,2.16505,0
25.7038,2.16779,0
25.7121,2.17068,0
25.7194,2.17428,0
25.7259,2.17755,0
25.7333,2.18035,0
25.7406,2.18354,0
25.7492,2.1864,0
25.7572,2.1891,0
25.7647,2.19253,0
25.7714,2.19499,0
25.7794,2.19716,0
25.7868,2.20112,0
25.7956,2.20395,0
25.8036,2.20686,0
25.8107,2.20963,0
25.8186,2.21228,0
25.8265,2.21458,0
25.8337,2.21812,0
25.8397,2.22143,0
25.8463,2.22439,0
25.8545,2.22735,0
25.8621,2.23068,0
25.8698,2.23353,0
25.8771,2.23602,0
25.8857,2.23851,0
25.893,2.2412,0
25.8988,2.24388,0
25.9063,2.24745,0
25.913,2.25137,0
25.9209,2.25481,0
25.9277,2.25801,0
25.9362,2.2606,0
25.9429,2.26461,0
25.9505,2.26774,0
25.9578,2.27044,0
25.9662,2.27408,0
25.9735,2.27734,0
25.9787,2.28012,0
25.9863,2.28349,0
25.9934,2.28718,0
26.0002,2.29034,0
26.0065,2.29348,0
26.0143,2.29618,0
26.021,2.29934,0
26.0283,2.30262,0
26.036,2.30621,0
26.044,2.30898,0
26.0509,2.31253,0
26.0596,2.31603,0
26.0663,2.31901,0
26.074,2.32226,0
26.0828,2.32564,0
26.0908,2.32846,0
26.0978,2.33197,0
26.105,2.33528,0
26.1116,2.33815,0
26.118,2.34113,0
26.1267,2.34438,0
26.133,2.34786,0
26.1425,2.35079,0
26.1493,2.35399,0
26.1577,2.35709,0
26.1661,2.35986,0
26.1742,2.36336,0
26.1804,2.36655,0
26.1891,2.36921,0
26.1961,2.37266,0
26.2015,2.37568,0
26.2096,2.37863,0
26.2165,2.38118,0
26.2247,2.38406,0
26.2327,2.38708,0
26.241,2.39103,0
26.2495,2.39397,0
26.2574,2.39753,0
26.2635,2.40106,0
26.2707,2.40436,0
26.2794,2.40719,0
26.2865,2.41059,0
26.2959,2.41351,0
26.3031,2.41696,0
26.3099,2.41999,0
26.3175,2.42294,0
26.3246,2.4269,0
26.3308,2.43041,0
26.3397,2.43392,0
26.3472,2.43723,0
26.3544,2.44085,0
26.3624,2.44431,0
26.3714,2.44762,0
26.3797,2.45121,0
26.3869,2.45489,0
26.3956,2.4584,0
26.4022,2.46173,0
26.4094,2.46472,0
26.4185,2.46778,0
26.4267,2.47225,0
26.435,2.47593,0
26.4434,2.47983,0
26.4508,2.48384,0
26.4589,2.48743,0
26.4657,2.49036,0
26.473,2.49412,0
26.4816,2.49777,0
26.4885,2.50123,0
26.4968,2.50435,0
26.5047,2.50797,0
26.5124,2.51155,0
26.5212,2.51482,0
26.5307,2.51805,0
26.5389,2.52123,0
26.5463,2.52512,0
26.5556,2.52867,0
26.5645,2.53257,0
26.5715,2.53618,0
26.5802,2.53928,0
26.5878,2.54315,0
26.5974,2.54681,0
26.605,2.55074,0
26.6133,2.55363,0
26.6219,2.55735,0
26.6316,2.56142,0
26.64,2.56528,0
26.6488,2.56855,0
26.6575,2.57214,0
26.6681,2.57608,0
26.6768,2.5788,0
26.6854,2.58255,0
26.6936,2.58563,0
26.7011,2.58983,0
26.709,2.59328,0
26.7171,2.59731,0
26.7269,2.6008,0
26.7351,2.60363,0
26.744,2.60707,0
26.7528,2.61048,0
26.761,2.61404,0
26.7688,2.61762,0
26.7769,2.62179,0
26.7863,2.62534,0
26.794,2.6287,0
26.8047,2.63248,0
26.8134,2.63645,0
26.8208,2.64153,0
26.8286,2.64548,0
26.8382,2.64937,0
26.8486,2.65289,0
26.8569,2.65642,0
26.8654,2.65902,0
26.8748,2.66292,0
26.8821,2.66689,0
26.8896,2.67074,0
26.9004,2.67609,0
26.9086,2.67902,0
26.9163,2.68283,0
26.9248,2.6869,0
26.9346,2.69056,0
26.9423,2.6945,0
26.9514,2.69807,0
26.9597,2.70175,0
26.9685,2.70619,0
26.9766,2.7104,0
26.9849,2.7141,0
26.9936,2.71805,0
27.0007,2.72134,0
27.0092,2.72585,0
27.017,2.73093,0
27.0273,2.73438,0
27.036,2.7393,0
27.0443,2.74331,0
27.0545,2.74736,0
27.0626,2.75038,0
27.071,2.75436,0
27.0797,2.75761,0
27.0886,2.76216,0
27.0981,2.76579,0
27.107,2.76972,0
27.1137,2.77383,0
27.1224,2.77799,0
27.1308,2.78134,0
27.1387,2.78516,0
27.1478,2.78928,0
27.1566,2.79378,0
27.1661,2.79785,0
27.1758,2.80137,0
27.1846,2.80479,0
27.1925,2.8089,0
27.2011,2.81331,0
27.2108,2.81635,0
27.2184,2.82093,0
27.2275,2.82554,0
27.236,2.82902,0
27.2456,2.83338,0
27.2527,2.83694,0
27.2616,2.84049,0
27.2703,2.84416,0
27.2809,2.84948,0
27.2913,2.85387,0
27.3006,2.85818,0
27.3097,2.8626,0
27.3199,2.86625,0
27.3272,2.87097,0
27.3373,2.87452,0
27.3465,2.87815,0
27.3564,2.88292,0
27.3644,2.88785,0
27.3723,2.89239,0
27.382,2.897,0
27.3929,2.90187,0
27.4038,2.90595,0
27.414,2.9104,0
27.4227,2.91503,0
27.4329,2.9203,0
27.441,2.92464,0
27.449,2.9285,0
27.4573,2.9327,0
27.4656,2.93687,0
27.474,2.94132,0
27.4821,2.9464,0
27.4933,2.95073,0
27.5033,2.95526,0
27.5114,2.95979,0
27.5208,2.96479,0
27.5315,2.96906,0
27.542,2.97264,0
27.5505,2.97744,0
27.5588,2.98182,0
27.5676,2.98652,0
27.5774,2.99049,0
27.5872,2.99471,0
27.5959,2.99852,0
27.6051,3.00291,0
27.6127,3.00634,0
27.6211,3.01069,0
27.6316,3.01458,0
27.6417,3.0186,0
27.6499,3.02285,0
27.6596,3.02664,0
27.6695,3.03025,0
27.6794,3.03369,0
27.6895,3.03791,0
27.6979,3.04241,0
27.7073,3.04584,0
27.7186,3.05125,0
27.7274,3.055,0
27.736,3.05999,0
27.7448,3.06486,0
27.7567,3.0696,0
27.7667,3.07401,0
27.7792,3.07814,0
27.7888,3.08181,0
27.7994,3.08657,0
27.8091,3.09123,0
27.8162,3.09501,0
27.8253,3.09868,0
27.8338,3.10346,0
27.8432,3.10812,0
27.8532,3.11367,0
27.863,3.11875,0
27.8728,3.1235,0
27.8842,3.12784,0
27.8936,3.13304,0
27.9034,3.13859,0
27.9134,3.14423,0
27.9221,3.14822,0
27.9309,3.15157,0
27.9393,3.15696,0
27.9525,3.1614,0
27.9612,3.16619,0
27.9705,3.17056,0
27.9798,3.17568,0
27.9902,3.18082,0
28.0002,3.18531,0
28.0126,3.18953,0
28.0222,3.19439,0
28.0325,3.19828,0
28.0419,3.20186,0
28.0517,3.20764,0
28.0597,3.21197,0
28.0678,3.2157,0
28.0787,3.22015,0
28.0883,3.22501,0
28.0988,3.22986,0
28.1081,3.23481,0
28.1187,3.23905,0
28.129,3.24424,0
28.1382,3.24843,0
28.1514,3.25235,0
28.1613,3.25701,0
28.1723,3.26146,0
28.1813,3.26506,0
28.1899,3.2687,0
28.1983,3.27321,0
28.2087,3.27898,0
28.2189,3.28362,0
28.2294,3.2887,0
28.2396,3.29381,0
28.2528,3.29791,0
28.264,3.30303,0
28.2757,3.30704,0
28.2854,3.31067,0
28.2958,3.31584,0
28.3049,3.32054,0
28.3166,3.32504,0
28.3281,3.33073,0
28.3373,3.33524,0
28.3473,3.33912,0
28.3578,3.34373,0
28.3668,3.34802,0
28.3778,3.35213,0
28.3883,3.35693,0
28.4023,3.36311,0
28.4132,3.36797,0
28.4246,3.3727,0
28.4353,3.37679,0
28.4474,3.38157,0
28.4596,3.38697,0
28.47,3.39167,0
28.4823,3.39623,0
28.4934,3.40244,0
28.5039,3.40668,0
28.5148,3.41095,0
28.5248,3.4154,0
28.5366,3.42052,0
28.5487,3.42486,0
28.5588,3.42994,0
28.5674,3.43539,0
28.5773,3.44076,0
28.5879,3.44648,0
28.5996,3.45058,0
28.6103,3.45616,0
28.623,3.46072,0
28.6355,3.46464,0
28.646,3.46989,0
28.6588,3.47485,0
28.6689,3.47902,0
28.681,3.4841,0
28.6927,3.48939,0
28.7042,3.496,0
28.7161,3.50098,0
28.7313,3.50562,0
28.7424,3.51091,0
28.7547,3.51565,0
28.7694,3.52029,0
28.7835,3.52556,0
28.7959,3.53169,0
28.8078,3.53711,0
28.8214,3.54213,0
28.8316,3.54741,0
28.8421,3.55131,0
28.8542,3.55589,0
28.8649,3.5607,0
28.8775,3.56577,0
28.8886,3.57153,0
28.9029,3.57683,0
28.9122,3.58229,0
28.9252,3.58717,0
28.9389,3.5923,0
28.9499,3.59717,0
28.9616,3.60179,0
28.972,3.6067,0
28.984,3.61246,0
28.9974,3.61734,0
29.0091,3.62309,0
29.0214,3.62781,0
29.0326,3.63316,0
29.0443,3.63889,0
29.0589,3.64453,0
29.0714,3.65049,0
29.0848,3.65602,0
29.0983,3.66118,0
29.1122,3.66626,0
29.1252,3.6713,0
29.1379,3.67538,0
29.1502,3.68054,0
29.1623,3.68501,0
29.1751,3.6911,0
29.1884,3.69593,0
29.2042,3.70127,0
29.2168,3.70693,0
29.2337,3.71213,0
29.2484,3.71717,0
29.2617,3.72288,0
29.2733,3.72887,0
29.2882,3.73648,0
29.3033,3.74328,0
29.3171,3.75012,0
29.3303,3.75546,0
29.3413,3.76046,0
29.3542,3.76528,0
29.3699,3.76989,0
29.3848,3.77573,0
29.3969,3.7818,0
29.4088,3.78772,0
29.4217,3.79298,0
29.4366,3.80014,0
29.4511,3.80471,0
29.4637,3.81021,0
29.4822,3.81468,0
29.4964,3.82031,0
29.5097,3.8264,0
29.5222,3.83319,0
29.5362,3.83948,0
29.5495,3.8455,0
29.5657,3.85197,0
29.5768,3.85802,0
29.5909,3.8638,0
29.6051,3.86894,0
29.6168,3.87479,0
29.6319,3.88173,0
29.6464,3.88671,0
29.6585,3.8933,0
29.672,3.89869,0
29.6869,3.90503,0
29.7031,3.91183,0
29.7156,3.91815,0
29.7287,3.92366,0
29.745,3.92992,0
29.757,3.93671,0
29.7768,3.94437,0
29.7923,3.94949,0
29.8074,3.95472,0
29.8219,3.96046,0
29.8366,3.96752,0
29.8543,3.97458,0
29.8691,3.98051,0
29.8855,3.98524,0
29.9005,3.99094,0
29.9166,3.99774,0
29.9303,4.00439,0
29.9473,4.00995,0
29.9625,4.01554,0
29.9817,4.02145,0
29.9948,4.02822,0
30.012,4.03399,0
30.0243,4.04088,0
30.0401,4.04627,0
30.0552,4.05268,0
30.0715,4.06039,0
30.0901,4.06667,0
30.1113,4.07354,0
30.1273,4.0795,0
30.1424,4.08604,0
30.1589,4.09194,0
30.1753,4.09909,0
30.1924,4.10562,0
30.2075,4.11186,0
30.2226,4.11759,0
30.2399,4.12558,0
30.2544,4.13218,0
30.2686,4.13781,0
30.2814,4.1443,0
30.2971,4.15165,0
30.3147,4.15916,0
30.3347,4.16689,0
30.3493,4.17394,0
30.3638,4.18109,0
30.3819,4.18721,0
30.3984,4.19522,0
30.4162,4.20366,0
30.4312,4.21056,0
30.4469,4.21608,0
30.4658,4.2234,0
30.4842,4.23024,0
30.5043,4.23772,0
30.5227,4.24546,0
30.5395,4.25303,0
30.5565,4.26085,0
30.5741,4.27007,0
30.5951,4.27672,0
30.6143,4.28259,0
30.6296,4.28903,0
30.6489,4.2943,0
30.6665,4.30138,0
30.6818,4.30963,0
30.6949,4.31732,0
30.7144,4.3247,0
30.7346,4.33175,0
30.753,4.33966,0
30.7707,4.34677,0
30.7891,4.35346,0
30.8144,4.36116,0
30.8325,4.36826,0
30.8496,4.37567,0
30.8725,4.38223,0
30.8924,4.38965,0
30.9128,4.39569,0
30.9266,4.40392,0
30.9448,4.41254,0
30.9659,4.42037,0
30.9905,4.42966,0
31.01,4.43668,0
31.0338,4.4441,0
31.0526,4.45272,0
31.0749,4.46151,0
31.0933,4.46878,0
31.1188,4.47773,0
31.1409,4.48622,0
31.1683,4.49406,0
31.185,4.50251,0
31.2077,4.51026,0
31.2324,4.51778,0
31.2516,4.5263,0
31.2725,4.53421,0
31.2932,4.54259,0
31.3106,4.5514,0
31.3314,4.56032,0
31.3528,4.57059,0
31.3717,4.57948,0
31.3956,4.58771,0
31.4246,4.5952,0
31.4426,4.60194,0
31.4702,4.61037,0
31.4909,4.61876,0
31.5114,4.62909,0
31.5331,4.63786,0
31.5567,4.64518,0
31.5833,4.6523,0
31.6047,4.65935,0
31.6338,4.66771,0
31.6629,4.67729,0
31.6875,4.68751,0
31.714,4.69783,0
31.742,4.70782,0
31.7623,4.71749,0
31.7854,4.72742,0
31.8114,4.73632,0
31.8386,4.74523,0
31.8624,4.75451,0
31.8898,4.76444,0
31.9186,4.77302,0
31.9424,4.78268,0
31.9729,4.79174,0
31.9992,4.79983,0
32.0314,4.80852,0
32.0585,4.82057,0
32.0805,4.82977,0
32.1094,4.83882,0
32.1345,4.85041,0
32.1679,4.85949,0
32.1965,4.86862,0
32.2264,4.879,0
32.253,4.88794,0
32.282,4.89813,0
32.3122,4.90852,0
32.3525,4.918,0
32.3912,4.92796,0
32.4211,4.93683,0
32.4507,4.94531,0
32.4761,4.95626,0
32.5037,4.96666,0
32.5319,4.97707,0
32.5649,4.98738,0
32.5932,4.99707,0
32.6277,5.00806,0
32.6583,5.01881,0
32.6855,5.03007,0
32.7176,5.04307,0
32.7533,5.0555,0
32.7841,5.06654,0
32.8176,5.07607,0
32.8516,5.08576,0
32.8822,5.10004,0
32.9255,5.11142,0
32.9582,5.12261,0
32.9922,5.13329,0
33.0203,5.14269,0
33.0529,5.15659,0
33.083,5.16993,0
33.1179,5.18142,0
33.1533,5.19243,0
33.1927,5.20467,0
33.2293,5.21495,0
33.2608,5.2276,0
33.3,5.23843,0
33.3367,5.251,0
33.3779,5.26404,0
33.4133,5.27431,0
33.4584,5.28842,0
33.4936,5.30037,0
33.5372,5.31365,0
33.5787,5.32714,0
33.6204,5.33904,0
33.655,5.35193,0
33.6923,5.36521,0
33.7403,5.37941,0
33.7845,5.39266,0
33.8295,5.40385,0
33.8697,5.41732,0
33.9155,5.43174,0
33.9629,5.44566,0
34.0182,5.46029,0
34.0548,5.47562,0
34.0991,5.49005,0
34.1493,5.50546,0
34.2045,5.51649,0
34.2518,5.53213,0
34.2938,5.54394,0
34.3495,5.55445,0
34.3997,5.56892,0
34.4429,5.58379,0
34.4933,5.59827,0
34.5406,5.61372,0
34.5922,5.62911,0
34.6568,5.64241,0
34.7154,5.65888,0
34.7751,5.67365,0
34.8301,5.68496,0
34.8786,5.69829,0
34.9373,5.71198,0
35.0019,5.73312,0
35.054,5.75117,0
35.1158,5.76452,0
35.1733,5.78039,0
35.2366,5.80062,0
35.3091,5.81884,0
35.3675,5.83711,0
35.4357,5.85367,0
35.4886,5.86894,0
35.5698,5.88694,0
35.6366,5.90241,0
35.6934,5.91978,0
35.7535,5.93937,0
35.8306,5.95743,0
35.8979,5.97467,0
35.9898,5.99333,0
36.0607,6.0108,0
36.1491,6.02975,0
36.2462,6.04425,0
36.3083,6.06221,0
36.3728,6.0794,0
36.4355,6.09817,0
36.5235,6.11599,0
36.6113,6.13972,0
36.7027,6.15757,0
36.8094,6.17858,0
36.894,6.19948,0
37.0027,6.22024,0
37.0841,6.24042,0
37.1411,6.26313,0
37.2345,6.28201,0
37.3209,6.3047,0
37.4442,6.32677,0
37.5583,6.34654,0
37.6715,6.37316,0
37.7629,6.39956,0
37.8688,6.41679,0
37.9723,6.44345,0
38.0847,6.46776,0
38.2234,6.49695,0
38.3437,6.51856,0
38.4709,6.54693,0
38.5819,6.572,0
38.7124,6.59654,0
38.8299,6.62072,0
38.9875,6.64858,0
39.1324,6.67416,0.0140197
39.3035,6.70432,0.0220647
39.4567,6.73105,0.0723289
39.6271,6.76354,0.0937811
39.792,6.79119,0.104482
39.9952,6.82596,0.121144
40.1572,6.85662,0.138354
40.3569,6.8885,0.195017
40.5553,6.92153,0.23286
40.7833,6.96,0.261493
40.9974,6.99338,0.293801
41.2413,7.02404,0.35651
41.4299,7.05503,0.419616
41.7068,7.08835,0.471529
41.9274,7.12598,0.515841
42.1821,7.16583,0.550395
42.439,7.2009,0.583587
42.675,7.24484,0.618415
42.9671,7.28953,0.646389
43.2543,7.32665,0.672435
43.504,7.37524,0.701498
43.8243,7.42281,0.725952
44.1492,7.47485,0.756723
44.4532,7.52034,0.786751
44.7667,7.57911,0.822411
45.064,7.62411,0.857773
45.4051,7.67156,0.895207
45.8606,7.72718,0.928707
46.1689,7.79493,0.968312
46.5068,7.87139,0.995851
46.7919,7.92483,1.03252
47.1,8.00185,1.06576
47.366,8.07698,1.11185
47.6923,8.15069,1.15425
48.0598,8.23049,1.22963
48.406,8.31418,1.29715
48.7257,8.3913,1.37228
49.1394,8.47323,1.46398
49.4531,8.5534,1.55034
49.7778,8.62963,1.65727
50.0977,8.73182,1.7701
50.4074,8.84927,1.84115
50.7197,8.94534,1.9296
51.1577,9.06542,2.01081
51.5057,9.15362,2.10255
51.8872,9.26804,2.20121
52.2072,9.39096,2.26462
52.6091,9.51171,2.36506
53.0592,9.67107,2.43026
53.5361,9.86076,2.51366
54.0984,10.0499,2.59625
54.4783,10.2313,2.70153
54.9696,10.4581,2.8174
55.4339,10.6801,2.9717
55.9668,10.9272,3.13926
56.5122,11.184,3.37146
57.1964,11.4053,3.59395
57.9769,11.6616,3.87751
58.7359,12.1216,4.34565
59.9355,12.5798,4.74976
61.1402,13.4259,5.15669
63.0544,14.9026,5.82645
