X,Y,Z,OriginTime,MinArrival,MinSee,NumberSeen,MaxAngle,PctEmpty
0.601353,0.18969,0.262906,0.511732,0.778884,0.627356,0,0,1
0.651173,0.0242205,0.00645623,0.530549,0.759154,0.621084,0,0,1
0.157383,0.122347,0.870363,0.584041,0.811486,0.680084,0,0,1
0.539027,0.0364297,0.87754,0.58785,0.701853,0.606751,0,0,1
0.820687,0.875197,0.367458,0.598654,0.79812,0.67318,0,0,1
0.703563,0.361467,0.214394,0.600998,0.71742,0.61005,0,0,1
0.412447,0.841522,0.854283,0.603351,0.792719,0.667128,0,0,1
0.00745795,0.299526,0.517687,0.603418,0.825624,0.690668,0,0,1
0.568933,0.995371,0.312242,0.603907,0.71482,0.610153,0,0,1
0.148146,0.654277,0.148022,0.607097,0.809378,0.692062,0,0,1
0.517129,0.887649,0.999645,0.607869,0.720619,0.62015,0,0,0.98
0.434497,0.234344,0.936904,0.61158,0.804724,0.660805,0,0,1
0.656684,0.0551614,0.312946,0.625054,0.665561,0.600783,1,0.511422,0.99
0.475196,0.0604497,0.918424,0.625177,0.667366,0.626798,0,0,1
0.913803,0.321509,0.222892,0.625322,0.760191,0.663419,0,0,0.97
0.565381,0.829051,0.79233,0.627242,0.768828,0.6635,0,0,0.98
0.017503,0.863004,0.741951,0.627817,0.73552,0.671213,0,0,1
0.121175,0.010545,0.308559,0.628768,0.735129,0.67726,0,0,1
0.891111,0.0129927,0.433588,0.629834,0.76694,0.665143,0,0,0.97
0.955133,0.192877,0.353345,0.632903,0.723421,0.673846,0,0,0.97
0.0298876,0.564475,0.282787,0.634281,0.803583,0.683,0,0,0.99
0.515289,0.993529,0.507423,0.635193,0.806334,0.661244,0,0,1
0.950051,0.256905,0.919858,0.638859,0.748151,0.677379,0,0,0.99
0.788819,0.762391,0.236912,0.641159,0.774105,0.671306,0,0,0.98
0.0996677,0.230049,0.335824,0.641347,0.693832,0.663577,0,0,0.99
0.744955,0.662878,0.715616,0.642273,0.771254,0.698734,0,0,0.98
0.789392,0.251999,0.898585,0.642357,0.745788,0.663633,0,0,0.99
0.723984,0.331156,0.341339,0.642866,0.714717,0.623105,1,0.304828,1
0.480278,0.603053,0.89736,0.644112,0.771203,0.700819,0,0,1
0.217537,0.042269,0.737028,0.644725,0.750802,0.659856,0,0,0.96
0.9684,0.195655,0.839078,0.645128,0.741881,0.672771,0,0,0.99
0.335652,0.483591,0.0320029,0.645648,0.787243,0.695513,0,0,0.97
0.34817,0.752157,0.664833,0.645785,0.822238,0.690532,0,0,0.97
0.428747,0.114727,0.620346,0.647497,0.726469,0.683039,0,0,1
0.88185,0.390563,0.858542,0.647604,0.725853,0.683016,0,0,0.98
0.0192584,0.988737,0.602632,0.647699,0.778926,0.692309,0,0,1
0.144072,0.926215,0.462419,0.648132,0.805712,0.694204,0,0,0.99
0.47043,0.860422,0.0466718,0.648969,0.679519,0.645452,1,0.150203,0.98
0.0334049,0.873965,0.658949,0.650301,0.713036,0.663718,0,0,0.97
0.00447891,0.473286,0.497228,0.650638,0.727006,0.677487,0,0,0.97
0.852072,0.182038,0.908901,0.651291,0.736854,0.661952,0,0,0.99
0.702414,0.234659,0.751036,0.651304,0.762275,0.68243,0,0,0.95
0.864846,0.0598318,0.761121,0.651742,0.820967,0.68004,0,0,0.96
0.0179,0.114586,0.0867562,0.65242,0.785174,0.69269,0,0,0.98
0.453584,0.538532,0.0623556,0.653648,0.773743,0.692847,0,0,0.98
0.562792,0.904818,0.382231,0.655216,0.71852,0.659215,0,0,0.99
0.157034,0.432952,0.864387,0.655433,0.764321,0.706836,0,0,0.97
0.0772791,0.244599,0.363253,0.655552,0.679627,0.658842,0,0,0.99
0.378272,0.320621,0.404419,0.657085,0.806578,0.658465,0,0,0.98
0.91055,0.447018,0.303278,0.658312,0.774402,0.686012,0,0,0.98
0.765853,0.524945,0.657413,0.659953,0.766074,0.698554,0,0,0.96
0.696498,0.113951,0.410202,0.660566,0.702743,0.625013,1,0.614916,0.96
0.205524,0.664994,0.750174,0.660679,0.789595,0.710415,0,0,0.96
0.783667,0.407919,0.284553,0.660914,0.717173,0.656521,2,0.0464807,0.97
0.153793,0.335243,0.387411,0.661371,0.770408,0.68912,0,0,0.95
0.826098,0.202904,0.0295838,0.66209,0.776489,0.658103,1,0.0479302,0.96
0.0697287,0.669149,0.702135,0.663232,0.80478,0.707847,0,0,0.99
0.193313,0.37784,0.615392,0.663376,0.827519,0.698104,0,0,0.96
0.912249,0.205824,0.729664,0.664282,0.757106,0.692646,0,0,0.95
0.501503,0.307936,0.79892,0.665185,0.77227,0.68616,0,0,0.95
0.191705,0.182242,0.708099,0.665395,0.748987,0.669938,0,0,0.96
0.459639,0.274996,0.164327,0.665515,0.704288,0.627179,1,0.664022,0.99
0.804566,0.842163,0.525952,0.665636,0.761354,0.675214,0,0,0.98
0.559226,0.517851,0.0665223,0.666015,0.761375,0.691409,0,0,0.94
0.996448,0.156635,0.338857,0.666586,0.689738,0.663076,1,0.190069,0.97
0.319638,0.128245,0.145152,0.667213,0.73383,0.667378,0,0,0.98
0.493891,0.260935,0.705911,0.667782,0.728886,0.69481,0,0,0.98
0.0656586,0.161505,0.715448,0.667792,0.768283,0.673372,0,0,0.94
0.139285,0.947981,0.325287,0.667883,0.696015,0.664222,1,0.166988,0.97
0.156433,0.213281,0.642769,0.668516,0.745865,0.693259,0,0,0.96
0.578086,0.982814,0.719619,0.668764,0.759138,0.671917,0,0,0.99
0.711388,0.932548,0.779765,0.669715,0.775029,0.660881,1,0.106714,0.96
0.20835,0.216533,0.0831275,0.673429,0.804092,0.693236,0,0,0.95
0.883417,0.177421,0.656433,0.673435,0.747953,0.695223,0,0,0.92
0.656246,0.908087,0.644507,0.673729,0.755935,0.704995,0,0,0.97
0.953041,0.472393,0.506421,0.674746,0.702899,0.676094,0,0,0.96
0.362073,0.144947,0.107702,0.67482,0.726224,0.662326,1,0.132105,0.95
0.00462042,0.935452,0.977645,0.674866,0.781011,0.700508,0,0,0.9
0.384965,0.140453,0.612949,0.675152,0.698814,0.673821,1,0.0785762,0.95
0.860315,0.481357,0.515551,0.675243,0.739347,0.701196,0,0,0.97
0.884006,0.426595,0.893517,0.675591,0.697865,0.673687,1,0.115405,0.97
0.371953,0.0460424,0.952391,0.675901,0.734815,0.67408,1,0.0191999,0.93
0.963131,0.134172,0.226439,0.676262,0.74081,0.689184,0,0,0.93
0.0972964,0.0878408,0.320971,0.678193,0.710615,0.672525,1,0.213849,0.94
0.97035,0.121471,0.287074,0.67844,0.731505,0.680949,0,0,0.95
0.456991,0.166147,0.0612232,0.67859,0.755149,0.650398,2,0.357288,0.96
0.148919,0.248883,0.810863,0.678873,0.724124,0.662346,1,0.37349,0.96
0.417024,0.147178,0.520006,0.67911,0.753604,0.673923,1,0.0490557,0.9
0.783835,0.902257,0.11608,0.679197,0.741479,0.650408,1,0.436654,0.93
0.477913,0.0597252,0.339129,0.679947,0.706509,0.632729,2,0.838091,0.89
0.378232,0.0579876,0.842341,0.68006,0.748452,0.673923,1,0.112562,0.96
0.266728,0.0266554,0.184886,0.680989,0.788452,0.694924,0,0,0.91
0.856117,0.568767,0.636954,0.68128,0.762358,0.701197,0,0,0.94
0.711535,0.186196,0.814182,0.682155,0.731424,0.667268,1,0.176869,0.92
0.276606,0.24153,0.976774,0.682414,0.774586,0.683283,0,0,0.94
0.733398,0.575057,0.715645,0.682675,0.730852,0.685267,0,0,0.98
0.290894,0.888354,0.98612,0.682764,0.788686,0.6916,0,0,0.95
0.579558,0.0739644,0.629336,0.682955,0.723298,0.697102,0,0,0.87
0.255064,0.754475,0.318854,0.683373,0.763453,0.707544,0,0,0.99
0.219906,0.530772,0.922721,0.683777,0.785527,0.708246,0,0,0.91
0.655917,0.395917,0.862393,0.684821,0.750657,0.714234,0,0,0.88
0.0917123,0.976077,0.977139,0.684909,0.761583,0.681876,1,0.0475218,0.9
0.923757,0.25619,0.258522,0.685122,0.70039,0.670278,2,0.658848,0.94
0.760826,0.542428,0.43241,0.685395,0.811686,0.710485,0,0,0.93
0.197764,0.707775,0.400949,0.685402,0.792671,0.720873,0,0,0.92
0.030126,0.422838,0.897421,0.685645,0.786959,0.709346,0,0,0.95
0.895233,0.273592,0.627018,0.685782,0.762227,0.683809,1,0.0374435,0.87
0.350505,0.703177,0.876562,0.686949,0.74881,0.682286,1,0.0924116,0.92
0.870463,0.0173939,0.596272,0.687393,0.793881,0.703703,0,0,0.87
0.534369,0.257199,0.712129,0.687763,0.708905,0.68815,0,0,0.94
0.148907,0.622558,0.900877,0.68779,0.765198,0.716847,0,0,0.92
0.158691,0.875659,0.644706,0.688329,0.776406,0.705012,0,0,0.95
0.370509,0.489198,0.245774,0.688959,0.752531,0.696986,0,0,0.9
0.843539,0.528398,0.52193,0.688999,0.725591,0.696611,0,0,0.88
0.396232,0.58407,0.419729,0.689581,0.777934,0.728143,0,0,0.91
0.623441,0.325773,0.676992,0.689869,0.700535,0.694185,0,0,0.94
0.793773,0.921823,0.761974,0.690065,0.75468,0.684049,1,0.0604254,0.88
0.110156,0.851404,0.891484,0.690367,0.775566,0.707431,0,0,0.93
0.995569,0.0821392,0.893153,0.690577,0.752326,0.675648,1,0.276571,0.91
0.268593,0.415513,0.841292,0.690769,0.770685,0.705629,0,0,0.9
0.688361,0.877257,0.597533,0.691217,0.738447,0.701131,0,0,0.94
0.783399,0.289009,0.945583,0.69128,0.702478,0.678705,2,0.703027,0.94
0.835409,0.129516,0.250627,0.691603,0.753712,0.652349,1,0.527309,0.94
0.69945,0.210686,0.0929747,0.691673,0.709066,0.63749,2,0.980216,0.93
0.116004,0.735761,0.89205,0.691771,0.75471,0.719434,0,0,0.91
0.446095,0.6088,0.826024,0.691892,0.723424,0.686476,1,0.210794,0.92
0.622251,0.330525,0.683796,0.692151,0.698253,0.693424,0,0,0.88
0.355873,0.103515,0.495017,0.692286,0.758295,0.688136,1,0.035875,0.86
0.334141,0.529382,0.740948,0.692351,0.789093,0.728115,0,0,0.96
0.334382,0.752309,0.0682175,0.692476,0.806632,0.710585,0,0,0.9
0.456546,0.9201,0.89912,0.693223,0.703996,0.666588,4,0.922929,0.93
0.202409,0.730142,0.820897,0.693388,0.756886,0.703651,0,0,0.88
0.0963509,0.433565,0.756796,0.693928,0.778958,0.70944,0,0,0.93
0.213778,0.175865,0.522395,0.694039,0.807001,0.713821,0,0,0.88
0.216296,0.781189,0.899493,0.694693,0.752821,0.703845,0,0,0.9
0.595069,0.0925872,0.643017,0.695467,0.710786,0.696403,0,0,0.88
0.852131,0.651629,0.807189,0.69596,0.78369,0.707308,0,0,0.92
0.221249,0.0118594,0.598027,0.69615,0.779487,0.709313,0,0,0.93
0.908799,0.17817,0.59205,0.696244,0.742645,0.692086,1,0.0726985,0.9
0.336179,0.751946,0.888582,0.696578,0.725895,0.675275,1,0.569447,0.83
0.583332,0.513435,0.255451,0.696748,0.799077,0.681515,1,0.143607,0.9
0.993486,0.453041,0.0137547,0.697264,0.811296,0.731204,0,0,0.92
0.30922,0.251127,0.0784255,0.697352,0.780169,0.690581,1,0.0583173,0.9
0.127653,0.585518,0.953337,0.697554,0.755434,0.706411,0,0,0.94
0.401898,0.727132,0.295521,0.697606,0.814592,0.738071,0,0,0.92
0.993192,0.985209,0.191097,0.698351,0.804321,0.71048,0,0,0.92
0.69466,0.839907,0.0789811,0.698941,0.733336,0.654275,1,0.746959,0.9
0.263916,0.0844105,0.968779,0.699347,0.733955,0.672448,1,0.590004,0.91
0.244843,0.742019,0.857205,0.700717,0.750484,0.700785,0,0,0.89
0.193784,0.395909,0.828082,0.700754,0.719,0.691729,1,0.455686,0.86
0.525872,0.545999,0.628363,0.701429,0.787988,0.73596,0,0,0.89
0.62576,0.916988,0.568137,0.702266,0.756439,0.706708,0,0,0.79
0.374502,0.377739,0.919106,0.702673,0.768036,0.694096,1,0.16818,0.9
0.388739,0.594934,0.728651,0.702901,0.778544,0.722978,0,0,0.82
0.375628,0.680009,0.129719,0.703138,0.79597,0.715665,0,0,0.89
0.0607966,0.0619516,0.131626,0.703787,0.733807,0.696671,1,0.272404,0.87
0.381052,0.833509,0.540399,0.703874,0.755101,0.715902,0,0,0.82
0.392403,0.784992,0.530026,0.704205,0.75477,0.713801,0,0,0.84
0.970322,0.871026,0.844739,0.70435,0.741201,0.691122,1,0.369047,0.85
0.620391,0.348585,0.890236,0.704417,0.750225,0.703814,1,0.00522884,0.89
0.621374,0.145141,0.744359,0.704735,0.772241,0.685338,2,0.23371,0.85
0.0998755,0.600414,0.223326,0.704965,0.711509,0.674524,2,1.06128,0.83
0.591274,0.110689,0.576802,0.70518,0.748114,0.684162,1,0.200041,0.91
0.970777,0.840946,0.58775,0.705426,0.750709,0.702145,1,0.0992901,0.89
0.364337,0.132343,0.294754,0.705589,0.757658,0.658326,1,0.637701,0.86
0.912059,0.929938,0.299206,0.705736,0.725161,0.676517,1,0.790412,0.8
0.399449,0.785343,0.455488,0.706102,0.754692,0.729772,0,0,0.88
0.384856,0.902629,0.662899,0.706273,0.800677,0.705254,1,0.0151087,0.87
0.454745,0.941843,0.857222,0.706946,0.712264,0.670318,5,1.10755,0.8
0.634896,0.388601,0.899691,0.707223,0.728255,0.706766,1,0.0316609,0.85
0.269065,0.0379041,0.429051,0.707266,0.794962,0.710684,0,0,0.92
0.126087,0.947261,0.947235,0.707674,0.738818,0.689839,1,0.287423,0.83
0.895965,0.0632233,0.333268,0.707686,0.742131,0.686463,4,0.410383,0.9
0.506397,0.458487,0.497906,0.707828,0.814949,0.700248,1,0.0620476,0.9
0.590118,0.727503,0.0645931,0.708023,0.79515,0.692527,2,0.153809,0.85
0.368049,0.508272,0.284943,0.708895,0.732595,0.709282,0,0,0.89
0.391828,0.384869,0.0722227,0.709103,0.766144,0.692199,2,0.150377,0.86
0.448976,0.892738,0.164944,0.709262,0.77344,0.686319,3,0.246713,0.82
0.32026,0.231094,0.266521,0.709263,0.781894,0.672292,1,0.414721,0.91
0.580818,0.360142,0.491306,0.709388,0.797463,0.672861,1,0.406944,0.8
0.11267,0.0886373,0.148309,0.709668,0.764461,0.710151,0,0,0.8
0.330097,0.408453,0.817349,0.710185,0.757145,0.719366,0,0,0.8
0.446266,0.933239,0.36864,0.710247,0.752529,0.683838,2,0.461617,0.8
0.499499,0.484439,0.396807,0.710345,0.788236,0.691064,1,0.174456,0.82
0.825049,0.859187,0.0733729,0.710804,0.752528,0.673598,1,0.482029,0.91
0.260839,0.973419,0.530095,0.711076,0.78367,0.716773,0,0,0.86
0.230347,0.3361,0.357961,0.711096,0.743398,0.705289,1,0.218816,0.89
0.961371,0.706493,0.137282,0.711536,0.801331,0.706654,1,0.0761376,0.82
0.151599,0.757356,0.881746,0.71182,0.73466,0.712751,0,0,0.86
0.598701,0.691162,0.675579,0.712182,0.796523,0.716797,0,0,0.84
0.865424,0.0634518,0.0163044,0.712599,0.748585,0.663911,2,0.759197,0.83
0.842366,0.418348,0.732036,0.712789,0.783009,0.714467,0,0,0.84
0.979079,0.0735346,0.350281,0.712904,0.752247,0.700156,4,0.329069,0.77
0.22586,0.779306,0.286174,0.71308,0.733746,0.709719,2,0.183948,0.87
0.246231,0.649187,0.813277,0.713125,0.737419,0.703741,1,0.388037,0.8
0.493225,0.737573,0.526363,0.713168,0.805973,0.735268,0,0,0.9
0.409053,0.70924,0.500407,0.713445,0.787227,0.728509,0,0,0.79
0.548045,0.701257,0.988857,0.713651,0.787871,0.704745,2,0.119785,0.83
0.0723642,0.063568,0.491331,0.713877,0.791948,0.717841,0,0,0.84
0.351534,0.999837,0.296215,0.714055,0.817041,0.684352,2,0.294271,0.84
0.394364,0.640912,0.345948,0.714425,0.782738,0.728915,0,0,0.86
0.921066,0.218301,0.444972,0.714518,0.733909,0.686818,3,0.688141,0.83
0.0596273,0.791548,0.112563,0.714663,0.774238,0.698666,1,0.299429,0.74
0.841443,0.662075,0.483113,0.71472,0.826694,0.718465,0,0,0.83
0.0731518,0.576155,0.936546,0.714725,0.755347,0.72217,0,0,0.83
0.805675,0.592479,0.748118,0.715197,0.73426,0.699409,1,0.520445,0.86
0.0357377,0.770778,0.490345,0.715313,0.809049,0.727139,0,0,0.8
0.584012,0.763743,0.994028,0.715588,0.748785,0.681989,2,0.578385,0.85
0.965157,0.712349,0.507775,0.715779,0.808583,0.724028,0,0,0.79
0.304082,0.292399,0.285189,0.715799,0.775357,0.684855,1,0.307421,0.79
0.103683,0.205586,0.732804,0.716191,0.728539,0.684596,3,0.659133,0.81
0.642803,0.796152,0.0106084,0.716314,0.758808,0.668557,2,0.703258,0.88
0.559528,0.588645,0.975699,0.716506,0.756474,0.705697,1,0.301024,0.79
0.0452858,0.874624,0.554895,0.716603,0.755033,0.707313,2,0.276557,0.86
0.206678,0.760235,0.871719,0.716724,0.73079,0.714069,2,0.227659,0.75
0.179081,0.445271,0.374355,0.717035,0.77502,0.717809,0,0,0.88
0.127913,0.744695,0.604775,0.717343,0.79951,0.726695,0,0,0.8
0.388725,0.643694,0.426292,0.717481,0.750033,0.719032,0,0,0.84
0.244762,0.188215,0.346563,0.717781,0.791462,0.702507,2,0.127214,0.83
0.479525,0.543371,0.429826,0.717793,0.780787,0.716961,1,0.00609476,0.76
0.0721284,0.144813,0.281571,0.71781,0.746069,0.701742,5,0.495949,0.8
0.342922,0.729402,0.766269,0.718149,0.749874,0.69448,2,0.481156,0.74
0.270746,0.738725,0.459188,0.718313,0.756223,0.729161,0,0,0.86
0.444777,0.27401,0.536372,0.718362,0.80997,0.689344,1,0.277365,0.76
0.847213,0.732953,0.613427,0.718458,0.786923,0.721219,0,0,0.77
0.489539,0.489612,0.610085,0.718463,0.770954,0.730282,0,0,0.79
0.854742,0.345554,0.586098,0.718583,0.776971,0.699657,1,0.343541,0.85
0.294787,0.215499,0.858427,0.718677,0.750473,0.684397,2,0.690568,0.86
0.979303,0.509658,0.234256,0.718773,0.723269,0.692108,2,1.10179,0.83
0.941291,0.51325,0.745665,0.718874,0.80288,0.730358,0,0,0.8
0.93115,0.297324,0.642473,0.718956,0.731521,0.690693,2,0.641586,0.85
0.25071,0.731888,0.967247,0.719099,0.785277,0.717166,2,0.02578,0.8
0.646402,0.441462,0.673015,0.719106,0.806197,0.728526,0,0,0.81
0.48764,0.936723,0.737092,0.719446,0.767593,0.69163,4,0.500652,0.79
0.771294,0.426898,0.709729,0.719635,0.771218,0.716936,1,0.07348,0.85
0.0275317,0.956798,0.803672,0.719687,0.740544,0.696016,2,0.706255,0.76
0.102193,0.213856,0.982024,0.720157,0.738599,0.680932,1,0.886852,0.79
0.0581513,0.877885,0.0178951,0.720342,0.763181,0.719463,1,0.029968,0.68
0.238571,0.280231,0.984786,0.720475,0.737265,0.699924,3,0.411803,0.76
0.168688,0.0332405,0.640809,0.720655,0.753011,0.70613,2,0.428524,0.79
0.792721,0.595508,0.747075,0.720916,0.728541,0.697946,3,0.913807,0.8
0.774118,0.754783,0.802956,0.720934,0.77237,0.711859,2,0.215479,0.79
0.6625,0.866004,0.463967,0.721437,0.784184,0.701425,3,0.339608,0.77
0.120205,0.906192,0.90079,0.722015,0.746841,0.703842,2,0.25502,0.74
0.566729,0.676292,0.565702,0.722046,0.814187,0.746623,0,0,0.76
0.403066,0.0866497,0.370281,0.722132,0.759652,0.664505,2,0.796452,0.77
0.603979,0.532374,0.404838,0.722163,0.786203,0.705517,1,0.137091,0.76
0.395775,0.941269,0.446728,0.722172,0.779062,0.705601,3,0.215344,0.81
0.432092,0.487765,0.759944,0.722356,0.783888,0.732104,0,0,0.76
0.970141,0.964924,0.712727,0.72239,0.743941,0.698049,3,0.704762,0.8
0.783691,0.676322,0.890458,0.722519,0.805032,0.724517,0,0,0.79
0.0200834,0.744121,0.194096,0.722522,0.770176,0.699932,1,0.443723,0.75
0.0518476,0.726962,0.913,0.722546,0.759833,0.724717,0,0,0.75
0.743516,0.252615,0.497236,0.723123,0.792945,0.675933,1,0.547465,0.77
0.136686,0.549735,0.278716,0.723287,0.742168,0.699912,2,0.732583,0.77
0.948949,0.370711,0.736508,0.72378,0.788276,0.719887,2,0.0839381,0.75
0.872653,0.00984483,0.260868,0.724113,0.778075,0.691027,4,0.424048,0.76
0.242477,0.728516,0.448364,0.724278,0.750258,0.721158,1,0.139372,0.75
0.637021,0.659723,0.469304,0.724327,0.842495,0.740841,0,0,0.75
0.800612,0.519663,0.724466,0.724366,0.735665,0.706661,2,0.802237,0.75
0.197129,0.517788,0.50464,0.724398,0.819223,0.740229,0,0,0.78
0.514813,0.785702,0.0785952,0.724401,0.736833,0.689701,3,0.954913,0.76
0.69783,0.24841,0.0250457,0.724449,0.760295,0.670409,4,0.783622,0.73
0.726037,0.522197,0.169955,0.724468,0.769266,0.698244,2,0.504523,0.69
0.827736,0.8386,0.802607,0.724553,0.788708,0.704347,1,0.189952,0.71
0.734246,0.520553,0.924266,0.724601,0.82012,0.742394,0,0,0.65
0.845655,0.822363,0.951303,0.724745,0.816226,0.690507,1,0.379802,0.67
0.256592,0.340123,0.312964,0.72516,0.76305,0.709364,2,0.126976,0.77
0.184511,0.453161,0.690024,0.725615,0.769775,0.719589,1,0.173924,0.73
0.0934901,0.94608,0.713654,0.725698,0.743905,0.69914,5,0.7814,0.8
0.749094,0.133486,0.711979,0.726096,0.769373,0.7054,3,0.27741,0.81
0.0667172,0.904098,0.57885,0.72631,0.742135,0.706249,4,0.739721,0.76
0.120474,0.880213,0.929696,0.726611,0.739322,0.715569,2,0.520219,0.72
0.780538,0.827092,0.103547,0.726914,0.755471,0.681002,3,0.592318,0.69
0.856621,0.0215749,0.0782711,0.727515,0.748203,0.668756,2,0.958997,0.71
0.310212,0.326392,0.641693,0.72757,0.793775,0.72824,0,0,0.75
0.267881,0.00979103,0.575439,0.727631,0.748006,0.723929,1,0.220717,0.77
0.949253,0.372494,0.361248,0.727665,0.760353,0.705557,5,0.384922,0.69
0.510639,0.800395,0.19808,0.72823,0.816732,0.705258,4,0.217439,0.77
0.10854,0.730632,0.335249,0.728378,0.798538,0.716204,1,0.181626,0.76
0.390142,0.76407,0.467557,0.728523,0.732271,0.722299,1,0.818891,0.75
0.717764,0.536075,0.0126038,0.728927,0.797125,0.731773,0,0,0.73
0.716393,0.356513,0.630562,0.728942,0.798224,0.72407,1,0.0349722,0.77
0.880943,0.515219,0.108938,0.729047,0.81453,0.729461,0,0,0.65
0.961971,0.971093,0.0349212,0.72934,0.754677,0.702342,2,0.386031,0.75
0.697365,0.656619,0.150117,0.729553,0.790604,0.725482,2,0.074932,0.72
0.105263,0.432002,0.92132,0.729595,0.732391,0.705806,2,1.15085,0.74
0.745766,0.664264,0.954254,0.729842,0.797709,0.722253,1,0.0610503,0.76
0.0826579,0.22225,0.585776,0.729896,0.730943,0.688086,2,1.25468,0.77
0.0697805,0.524849,0.654215,0.730242,0.815281,0.735936,0,0,0.72
0.316985,0.329731,0.862954,0.730431,0.780033,0.707348,2,0.438528,0.73
0.909259,0.286795,0.430333,0.73103,0.735464,0.689971,4,1.1606,0.69
0.126772,0.942081,0.748842,0.731231,0.762875,0.706286,4,0.581548,0.77
0.244865,0.355975,0.337605,0.731491,0.743036,0.718449,3,0.341031,0.74
0.919146,0.911103,0.840929,0.731638,0.769463,0.709135,2,0.433637,0.7
0.571739,0.719878,0.147984,0.731773,0.793755,0.712594,2,0.170665,0.6
0.4131,0.44478,0.155163,0.731885,0.791639,0.69673,3,0.330052,0.66
0.182356,0.501441,0.2959,0.731923,0.791941,0.720506,2,0.184439,0.72
0.909365,0.309398,0.75588,0.731986,0.771161,0.720309,4,0.277423,0.71
0.984759,0.343489,0.114017,0.732127,0.757124,0.704858,2,0.694184,0.71
0.156976,0.209429,0.147465,0.732378,0.756067,0.720625,2,0.45659,0.69
0.161525,0.683576,0.0265107,0.732412,0.732805,0.690771,1,1.27459,0.63
0.926285,0.637635,0.063257,0.732495,0.780547,0.728258,1,0.0537609,0.66
0.376965,0.430297,0.712978,0.732506,0.80386,0.742906,0,0,0.66
0.686172,0.706844,0.176974,0.73256,0.772362,0.71536,2,0.418074,0.63
0.701436,0.248018,0.555398,0.732578,0.795057,0.690212,1,0.430375,0.68
0.580951,0.710819,0.232937,0.733513,0.791941,0.729202,1,0.0330487,0.73
0.0866348,0.992228,0.193648,0.73357,0.750148,0.704162,1,0.837497,0.7
0.871659,0.299494,0.0470104,0.73358,0.770299,0.706665,7,0.337083,0.69
0.365575,0.181995,0.270857,0.733635,0.74777,0.664379,2,1.07047,0.73
0.577569,0.51392,0.602747,0.734263,0.767443,0.734378,0,0,0.65
0.429415,0.338579,0.0459373,0.73456,0.762507,0.690786,5,0.705863,0.63
0.750375,0.486639,0.807681,0.734891,0.811425,0.733565,1,0.0233932,0.73
0.835169,0.0425922,0.18868,0.734983,0.790159,0.681495,4,0.635662,0.67
0.968291,0.0638119,0.175176,0.735333,0.76347,0.717854,5,0.498502,0.68
0.576668,0.494636,0.424907,0.735481,0.772886,0.701711,1,0.305469,0.68
0.432532,0.564344,0.551256,0.735576,0.823881,0.750867,0,0,0.76
0.252637,0.582934,0.069889,0.735694,0.755801,0.699531,2,0.84135,0.71
0.872327,0.342415,0.531258,0.735733,0.74584,0.694997,2,1.03435,0.7
0.188524,0.286201,0.228664,0.735804,0.791453,0.722868,2,0.268329,0.75
0.955382,0.00561223,0.0184076,0.73582,0.768169,0.700643,4,0.364569,0.7
0.300241,0.929533,0.688315,0.73595,0.792787,0.72049,3,0.240022,0.69
0.259048,0.143993,0.376866,0.735982,0.773261,0.707702,3,0.241144,0.67
0.386144,0.686328,0.800346,0.736079,0.769743,0.703058,4,0.661581,0.72
0.581654,0.921854,0.563668,0.736087,0.746864,0.706397,5,0.929352,0.79
0.510556,0.551195,0.723067,0.736185,0.797504,0.736253,0,0,0.7
0.781543,0.573714,0.0455641,0.736276,0.809987,0.740155,0,0,0.7
0.272236,0.318281,0.50276,0.736292,0.801723,0.72894,2,0.0964463,0.68
0.325895,0.943501,0.543583,0.736629,0.783941,0.735405,1,0.0184812,0.64
0.0386735,0.392736,0.728903,0.736882,0.769899,0.725563,2,0.148663,0.7
0.860251,0.585488,0.279502,0.73723,0.805246,0.725585,2,0.210231,0.72
0.300348,0.926012,0.590498,0.737407,0.792839,0.741337,0,0,0.68
0.821559,0.124025,0.368746,0.73791,0.764724,0.671455,7,0.926057,0.63
0.138011,0.0984694,0.185664,0.73794,0.755866,0.71584,3,0.467498,0.74
0.208642,0.115981,0.369254,0.738031,0.778606,0.715135,3,0.493734,0.68
0.598593,0.502163,0.957361,0.738094,0.783113,0.729074,3,0.238763,0.67
0.76657,0.903451,0.566781,0.738709,0.748503,0.714826,5,0.890161,0.66
0.982063,0.717381,0.348105,0.738983,0.807295,0.720945,2,0.247117,0.65
0.698048,0.814947,0.440359,0.739043,0.753524,0.697073,4,0.963722,0.62
0.0147106,0.904165,0.415069,0.73924,0.78764,0.712805,4,0.417589,0.7
0.961493,0.826813,0.460685,0.739302,0.77432,0.704092,2,0.669175,0.61
0.344045,0.988763,0.604412,0.739499,0.800126,0.729041,2,0.211548,0.65
0.539591,0.622718,0.609651,0.739769,0.781581,0.740926,0,0,0.63
0.0248745,0.652705,0.543188,0.739935,0.807309,0.742515,0,0,0.63
0.453062,0.463542,0.110897,0.739957,0.742979,0.703322,4,1.15974,0.67
0.0208563,0.717456,0.970073,0.739983,0.788183,0.727301,1,0.170915,0.68
0.143978,0.31482,0.215098,0.740054,0.790462,0.725592,1,0.293489,0.64
0.586484,0.157733,0.773948,0.740167,0.752183,0.692358,6,0.990629,0.62
0.54987,0.290047,0.896258,0.740244,0.745989,0.699271,5,1.12842,0.63
0.437905,0.011488,0.0979916,0.740364,0.762979,0.677964,7,0.952173,0.66
0.453345,0.522393,0.744363,0.740373,0.76587,0.734547,1,0.101187,0.69
0.127409,0.724907,0.938271,0.740587,0.740601,0.72432,2,1.28589,0.68
0.320515,0.207463,0.724357,0.740655,0.797654,0.714543,4,0.350609,0.62
0.269804,0.237793,0.331699,0.740701,0.775278,0.702058,3,0.356714,0.72
0.961058,0.674564,0.229229,0.740792,0.774728,0.7166,4,0.563611,0.62
0.887489,0.698509,0.258673,0.740924,0.760701,0.714261,3,0.758133,0.7
0.710857,0.482126,0.0259277,0.741127,0.784924,0.718866,2,0.260951,0.63
0.738932,0.910525,0.540664,0.741166,0.76154,0.711078,6,0.635897,0.59
0.00276954,0.680993,0.453976,0.741291,0.788527,0.739506,2,0.0248409,0.61
0.502531,0.352693,0.45919,0.741323,0.785343,0.679466,2,0.770421,0.63
0.689375,0.795864,0.666204,0.741523,0.792734,0.725321,4,0.316597,0.68
0.646586,0.807183,0.944118,0.741567,0.756408,0.676174,5,1.05136,0.64
0.646412,0.825885,0.312877,0.741845,0.787816,0.709438,7,0.560216,0.62
0.930737,0.793774,0.0040924,0.741892,0.816789,0.721766,1,0.170485,0.63
0.223303,0.103868,0.163031,0.741906,0.76818,0.721899,5,0.518812,0.61
0.589986,0.431857,0.280985,0.741917,0.750293,0.669496,4,1.09291,0.55
0.488503,0.59166,0.770689,0.742128,0.763684,0.719267,3,0.589816,0.66
0.557565,0.24059,0.797045,0.742242,0.752832,0.706222,8,0.882493,0.61
0.259435,0.64595,0.865571,0.742323,0.767157,0.730822,4,0.278477,0.56
0.17134,0.909756,0.044927,0.742535,0.80874,0.728683,1,0.153994,0.68
0.305576,0.411535,0.123376,0.742782,0.765839,0.71809,2,0.688524,0.63
0.111651,0.65472,0.967524,0.743343,0.769985,0.713896,3,0.519011,0.65
0.155488,0.0728094,0.0866212,0.743416,0.786409,0.711122,2,0.468207,0.58
0.996996,0.593515,0.448643,0.743427,0.780529,0.724865,2,0.458955,0.62
0.918792,0.385483,0.679018,0.743729,0.790359,0.717912,2,0.404334,0.62
0.79188,0.00653558,0.295434,0.743971,0.75119,0.677905,6,1.11267,0.57
0.233268,0.849784,0.887146,0.74431,0.766427,0.711122,4,0.599521,0.66
0.758376,0.615835,0.15605,0.744393,0.80318,0.73228,2,0.220092,0.61
0.382215,0.498826,0.37665,0.744693,0.786115,0.721263,2,0.182054,0.65
0.238431,0.0772869,0.434461,0.744775,0.757453,0.728368,4,0.537019,0.65
0.171279,0.280162,0.554246,0.744783,0.772382,0.706861,3,0.763771,0.59
0.129733,0.31503,0.896295,0.744822,0.780418,0.703094,4,0.716098,0.59
0.316555,0.179174,0.809671,0.745043,0.76362,0.697568,6,0.933635,0.63
0.40479,0.0148253,0.13896,0.745116,0.78715,0.686467,9,0.673918,0.51
0.0304981,0.87081,0.33843,0.745287,0.78483,0.71815,5,0.407812,0.66
0.943916,0.804325,0.544472,0.74535,0.768161,0.723229,5,0.305113,0.63
0.816287,0.662306,0.560365,0.745449,0.795965,0.733616,3,0.213883,0.56
0.374167,0.800226,0.311486,0.745579,0.777398,0.740194,3,0.208242,0.53
0.711465,0.0737032,0.642285,0.745752,0.813388,0.726427,3,0.158999,0.6
0.842775,0.896123,0.583828,0.745789,0.753507,0.720531,3,0.981154,0.58
0.307625,0.535852,0.326538,0.745795,0.787265,0.742352,3,0.0388632,0.64
0.0248661,0.900399,0.368536,0.746066,0.786897,0.716368,5,0.523603,0.54
0.492304,0.752017,0.0451796,0.746115,0.753078,0.702354,4,1.11052,0.58
0.480596,0.83771,0.696191,0.746232,0.755719,0.708377,5,1.02514,0.55
0.918869,0.647074,0.0950146,0.746597,0.766445,0.732075,1,0.189828,0.52
0.663307,0.761758,0.0532343,0.746649,0.774798,0.69154,4,0.692617,0.44
0.232697,0.468303,0.119311,0.746686,0.781502,0.722393,2,0.528243,0.54
0.836319,0.0120982,0.889594,0.746748,0.749827,0.675708,4,1.23232,0.6
0.318219,0.381031,0.994436,0.746772,0.756254,0.716225,3,0.987668,0.6
0.549002,0.728842,0.259117,0.746874,0.778579,0.736624,3,0.0772766,0.58
0.897213,0.552701,0.0554265,0.747202,0.796375,0.749168,0,0,0.63
0.555929,0.221361,0.49604,0.747243,0.751352,0.670109,1,1.22059,0.58
0.293758,0.538254,0.584776,0.747306,0.827376,0.755262,0,0,0.58
0.297117,0.388935,0.561226,0.747447,0.780987,0.730603,2,0.460041,0.64
0.567172,0.604559,0.432054,0.747578,0.807639,0.740123,1,0.0500883,0.61
0.845367,0.768027,0.865853,0.747683,0.816891,0.719886,3,0.245822,0.63
0.975559,0.846211,0.00728073,0.747732,0.773288,0.726283,2,0.520162,0.54
0.598941,0.769096,0.900042,0.747749,0.755004,0.696722,6,1.08076,0.56
0.911163,0.881398,0.949933,0.747795,0.78633,0.703622,3,0.470751,0.58
0.612251,0.340431,0.0134839,0.747913,0.803371,0.687672,4,0.692868,0.55
0.869971,0.288377,0.454518,0.748011,0.755133,0.702187,5,1.11397,0.55
0.856677,0.494299,0.724628,0.748126,0.777027,0.728369,4,0.550915,0.65
0.588591,0.696794,0.991461,0.748154,0.754524,0.714314,7,0.784075,0.58
0.497706,0.359377,0.534035,0.748551,0.802844,0.702747,2,0.435777,0.7
0.675765,0.355987,0.593448,0.748625,0.783972,0.716505,3,0.264834,0.59
0.584487,0.429229,0.0283432,0.748763,0.765763,0.702637,6,0.744782,0.51
0.117197,0.636987,0.621962,0.748836,0.761798,0.724622,2,0.851836,0.54
0.646917,0.530966,0.661751,0.748927,0.77912,0.729333,3,0.535219,0.54
0.000695272,0.55471,0.952967,0.749031,0.792052,0.742412,1,0.0759547,0.6
0.510404,0.696915,0.283908,0.749181,0.802764,0.752542,0,0,0.62
0.401212,0.63466,0.0302501,0.749421,0.767728,0.723599,6,0.771547,0.58
0.926002,0.144466,0.136374,0.74969,0.761048,0.708171,7,0.930318,0.55
0.959242,0.526795,0.793746,0.7498,0.771954,0.738186,2,0.211485,0.55
0.727736,0.279704,0.0777367,0.749988,0.753316,0.671679,7,1.23333,0.48
0.105768,0.88046,0.37731,0.750049,0.752076,0.716752,4,1.21182,0.58
0.603836,0.761232,0.392066,0.750136,0.804877,0.731217,4,0.279091,0.52
0.841054,0.498722,0.846368,0.750328,0.76384,0.720591,2,0.895795,0.53
0.3369,0.801951,0.227992,0.750656,0.814548,0.739166,3,0.138966,0.55
0.829471,0.476937,0.18121,0.750925,0.775031,0.708985,5,0.83208,0.64
0.292583,0.238736,0.445572,0.750942,0.78255,0.712166,3,0.538691,0.45
0.579608,0.761413,0.447883,0.75121,0.810984,0.740085,4,0.216704,0.55
0.663441,0.601786,0.0463038,0.751382,0.801347,0.739581,4,0.271644,0.49
0.815111,0.725393,0.600193,0.751387,0.753995,0.728256,4,1.02656,0.61
0.169537,0.32625,0.257528,0.751477,0.783708,0.725511,4,0.601015,0.61
0.771378,0.614777,0.219185,0.75156,0.790853,0.727857,4,0.513418,0.54
0.882495,0.30461,0.409845,0.751702,0.768559,0.704189,8,0.937754,0.61
0.65745,0.197818,0.644179,0.751935,0.77295,0.720287,4,0.73858,0.51
0.485205,0.444781,0.643771,0.752113,0.774707,0.748427,2,0.201998,0.54
0.174603,0.0345227,0.0799427,0.752138,0.786727,0.716036,4,0.513688,0.57
0.252054,0.43931,0.200831,0.752241,0.825121,0.736498,3,0.192007,0.49
0.0623402,0.867422,0.343843,0.752354,0.777763,0.722869,5,0.613602,0.38
0.0263157,0.0133182,0.952046,0.752473,0.759655,0.7032,6,0.990861,0.54
0.62187,0.520646,0.337306,0.752709,0.787509,0.705336,4,0.446743,0.52
0.846371,0.586815,0.351773,0.752741,0.810833,0.739542,7,0.206357,0.53
0.657916,0.676123,0.988166,0.752939,0.82057,0.720893,3,0.287009,0.58
0.648759,0.496799,0.268359,0.753007,0.75666,0.695755,5,1.19716,0.53
0.0834679,0.308772,0.0429563,0.753025,0.826064,0.728564,3,0.288749,0.47
0.961212,0.644475,0.807019,0.753025,0.805276,0.744137,3,0.178591,0.5
0.101443,0.673175,0.596932,0.7531,0.773186,0.729839,1,0.71239,0.57
0.225242,0.709922,0.270274,0.753504,0.755722,0.707523,4,1.17103,0.51
0.262505,0.839271,0.900107,0.753546,0.760154,0.705683,6,1.1305,0.53
0.394212,0.0624313,0.200502,0.753668,0.762723,0.676041,6,1.15174,0.5
0.732882,0.78127,0.717797,0.753676,0.761298,0.719082,4,1.05681,0.51
0.223329,0.923417,0.926846,0.75378,0.779242,0.712972,3,0.621973,0.51
0.547024,0.417878,0.622068,0.753783,0.811166,0.735407,1,0.130741,0.54
0.760499,0.7225,0.355201,0.753841,0.763242,0.705245,2,1.07963,0.58
0.137254,0.615478,0.565748,0.753971,0.812278,0.74727,2,0.126664,0.59
0.324721,0.945267,0.617854,0.754038,0.778797,0.743613,6,0.170784,0.53
0.75247,0.765692,0.775964,0.754116,0.757213,0.719372,4,1.05788,0.56
0.394856,0.464797,0.840071,0.754539,0.79898,0.738361,3,0.293447,0.52
0.315421,0.90216,0.421939,0.754554,0.810913,0.737863,5,0.203278,0.56
0.115134,0.886983,0.0124177,0.75465,0.778306,0.733623,7,0.44189,0.55
0.521239,0.400746,0.433268,0.754707,0.79455,0.686997,4,0.825452,0.5
0.20685,0.292019,0.64587,0.755064,0.755449,0.72463,5,1.27045,0.42
0.412994,0.944787,0.60104,0.755093,0.782177,0.724154,7,0.708226,0.5
0.976833,0.628092,0.662416,0.755272,0.772286,0.730263,3,0.783652,0.46
0.166269,0.584541,0.80958,0.755309,0.768116,0.728035,5,0.887187,0.42
0.694569,0.790874,0.716088,0.755375,0.77983,0.72155,6,0.740014,0.55
0.322174,0.249955,0.820331,0.755808,0.774213,0.712745,5,0.904822,0.51
0.719015,0.614596,0.264814,0.755947,0.806973,0.734693,4,0.408112,0.44
0.339843,0.0654091,0.428813,0.755948,0.770338,0.704372,7,0.707965,0.55
0.656544,0.752999,0.424922,0.756002,0.811203,0.721953,4,0.520035,0.51
0.15436,0.346035,0.997765,0.756128,0.814654,0.727218,3,0.354406,0.48
0.618916,0.701278,0.822281,0.756216,0.768979,0.717479,6,0.974327,0.53
0.00780984,0.814671,0.249425,0.756238,0.813016,0.727639,4,0.396213,0.51
0.974745,0.688429,0.865232,0.756273,0.821092,0.743286,1,0.183207,0.49
0.375138,0.131285,0.425705,0.756333,0.7694,0.688185,8,0.825042,0.53
0.360429,0.481064,0.584969,0.756734,0.835146,0.758951,0,0,0.55
0.31464,0.378853,0.702517,0.757051,0.808015,0.744392,2,0.263689,0.43
0.760399,0.142856,0.523778,0.757096,0.794051,0.696554,6,0.65169,0.45
0.413851,0.986947,0.132946,0.757225,0.775041,0.695299,8,0.759086,0.57
0.336277,0.855951,0.43955,0.757244,0.802176,0.747355,5,0.0651844,0.56
0.765614,0.362804,0.584839,0.757329,0.790688,0.727177,3,0.233029,0.5
0.446154,0.623783,0.585549,0.75777,0.805537,0.743083,1,0.253631,0.47
0.744087,0.811792,0.665604,0.758076,0.79851,0.733237,8,0.512617,0.51
0.921179,0.753164,0.415909,0.758109,0.763997,0.70692,3,1.15337,0.43
0.0451287,0.67448,0.863016,0.758293,0.789861,0.746558,4,0.376194,0.43
0.155816,0.674012,0.643088,0.758341,0.767737,0.72977,4,0.974754,0.43
0.324778,0.957466,0.266085,0.75857,0.772527,0.714396,6,0.570766,0.48
0.856711,0.795632,0.72514,0.758651,0.802962,0.72981,4,0.536119,0.4
0.511934,0.159819,0.554164,0.75867,0.762968,0.69609,8,1.14771,0.5
0.686228,0.275549,0.620218,0.758687,0.788296,0.71977,4,0.612129,0.46
0.540082,0.635225,0.363998,0.759445,0.826988,0.747953,1,0.0755214,0.43
0.573431,0.507095,0.656716,0.759465,0.769099,0.743331,2,0.821277,0.48
0.272395,0.498611,0.290206,0.759665,0.797075,0.739525,4,0.322314,0.41
0.184822,0.101165,0.410527,0.759691,0.779302,0.722587,8,0.855342,0.46
0.147356,0.419984,0.240986,0.759911,0.825131,0.739774,5,0.331772,0.42
0.214388,0.461355,0.510434,0.759926,0.783696,0.740818,5,0.451378,0.43
0.735147,0.62924,0.0246303,0.760195,0.809165,0.741836,1,0.138771,0.4
0.689932,0.391017,0.93166,0.760208,0.762144,0.727098,8,1.19139,0.38
0.255496,0.849176,0.836425,0.760347,0.761499,0.708399,9,1.25827,0.52
0.294753,0.934083,0.555089,0.760544,0.768715,0.744626,9,0.822977,0.41
0.920567,0.0148192,0.237228,0.760574,0.777772,0.716306,12,0.546832,0.46
0.614381,0.232474,0.833186,0.76067,0.771734,0.698388,10,0.96872,0.35
0.43268,0.819477,0.178363,0.760812,0.785504,0.722393,6,0.622468,0.46
0.44806,0.596291,0.640596,0.760858,0.794883,0.746379,3,0.282742,0.45
0.647283,0.463442,0.91656,0.760882,0.771817,0.739173,6,0.868459,0.42
0.943459,0.486335,0.171102,0.760988,0.795044,0.728976,7,0.629606,0.47
0.454006,0.648757,0.268979,0.761111,0.795393,0.75137,2,0.312274,0.46
0.67424,0.965642,0.526665,0.76116,0.782499,0.712763,12,0.604691,0.38
0.224673,0.624447,0.360154,0.761163,0.782004,0.734278,4,0.627611,0.54
0.497494,0.485104,0.335023,0.761177,0.772164,0.701992,4,0.725368,0.41
0.204094,0.66769,0.558141,0.761182,0.835275,0.750311,2,0.168296,0.5
0.000670009,0.574519,0.0931558,0.761245,0.783508,0.717283,2,0.867013,0.41
0.160692,0.210258,0.224898,0.761313,0.769489,0.72405,7,1.05759,0.46
0.365882,0.585312,0.609942,0.761906,0.822318,0.743336,1,0.330711,0.47
0.458879,0.450966,0.217933,0.762369,0.789189,0.695603,6,0.753268,0.41
0.477617,0.309228,0.481567,0.762421,0.783382,0.688039,3,0.947045,0.36
0.315214,0.978711,0.35432,0.762514,0.78576,0.717685,8,0.387514,0.45
0.757353,0.446767,0.897891,0.762584,0.789754,0.733314,6,0.690337,0.38
0.461887,0.626045,0.440736,0.762605,0.770289,0.740825,4,0.958526,0.39
0.277735,0.992305,0.392701,0.762681,0.766222,0.728938,6,1.06988,0.47
0.284453,0.603334,0.0526459,0.762788,0.777236,0.716989,4,0.928539,0.4
0.299728,0.580726,0.488143,0.76337,0.807923,0.753625,1,0.25592,0.5
0.457905,0.51243,0.469179,0.763445,0.772321,0.731972,5,0.765267,0.5
0.33787,0.361654,0.0708681,0.763647,0.767858,0.718574,8,1.03204,0.45
0.382157,0.971524,0.201788,0.763649,0.810021,0.700786,7,0.665243,0.4
0.418119,0.427543,0.2242,0.763789,0.76979,0.696662,7,1.02388,0.38
0.00866283,0.70627,0.455938,0.764343,0.76732,0.74314,5,0.901281,0.45
0.260063,0.451248,0.766587,0.764502,0.774018,0.739532,7,0.901475,0.44
0.00411919,0.20732,0.183528,0.764886,0.770454,0.722116,13,1.07303,0.46
0.815647,0.4924,0.92392,0.765173,0.775229,0.732774,4,0.941224,0.44
0.055761,0.522143,0.79247,0.765292,0.797688,0.743024,5,0.468442,0.45
0.896052,0.155967,0.134923,0.765317,0.781804,0.703945,11,0.723768,0.35
0.792791,0.619895,0.51505,0.765349,0.786595,0.7494,8,0.491231,0.48
0.325594,0.81083,0.446591,0.765463,0.784735,0.7521,8,0.555204,0.38
0.562776,0.441897,0.168138,0.765565,0.769609,0.687067,7,1.19523,0.41
0.280062,0.786351,0.967363,0.76565,0.780968,0.71833,12,0.91013,0.29
0.369106,0.683966,0.204503,0.765661,0.77831,0.736614,4,0.750542,0.36
0.932643,0.874119,0.0861485,0.765735,0.818795,0.718543,8,0.461123,0.39
0.404075,0.555267,0.640947,0.765885,0.800372,0.754506,4,0.305164,0.41
0.461,0.500928,0.792285,0.765885,0.767686,0.733967,6,1.13893,0.38
0.36307,0.61851,0.844505,0.766216,0.773613,0.72798,9,1.07965,0.37
0.758771,0.718528,0.842239,0.766226,0.776549,0.729924,6,0.919308,0.44
0.343364,0.419107,0.696048,0.766295,0.77176,0.756109,3,0.830051,0.47
0.172268,0.349488,0.746754,0.766312,0.796837,0.731139,10,0.578552,0.43
0.903306,0.858444,0.570054,0.766415,0.774997,0.727719,7,1.01043,0.31
0.920142,0.736714,0.0452449,0.766536,0.813037,0.741082,4,0.217251,0.35
0.250471,0.554921,0.479172,0.766546,0.794205,0.761717,1,0.213668,0.32
0.934391,0.641658,0.523074,0.766588,0.794378,0.750688,8,0.305724,0.41
0.467133,0.334918,0.599359,0.766645,0.80023,0.726791,6,0.534732,0.35
0.589906,0.547222,0.518607,0.766693,0.825591,0.743289,2,0.163191,0.38
0.945901,0.608373,0.426081,0.766885,0.801225,0.735748,6,0.596725,0.37
0.868867,0.834728,0.105068,0.766988,0.770158,0.711027,6,1.09206,0.37
0.455571,0.707331,0.730687,0.767146,0.779506,0.720437,6,0.967012,0.37
0.460992,0.764004,0.255393,0.767275,0.777992,0.745207,7,0.846721,0.41
0.499061,0.63568,0.756463,0.767301,0.783361,0.733789,7,0.785552,0.38
0.256426,0.415282,0.462488,0.767323,0.811625,0.746773,5,0.43763,0.42
0.349075,0.864845,0.11375,0.767511,0.787699,0.728875,11,0.812507,0.44
0.59801,0.600895,0.787945,0.767548,0.804852,0.738838,5,0.587003,0.31
0.20698,0.891525,0.168763,0.767615,0.829616,0.742374,5,0.391878,0.43
0.349199,0.423567,0.360467,0.767714,0.772735,0.716222,4,1.1261,0.42
0.89023,0.897073,0.208104,0.768041,0.773892,0.713529,9,1.16126,0.33
0.0531802,0.768224,0.842249,0.768205,0.770351,0.722124,8,1.22848,0.35
0.619417,0.657868,0.270969,0.768661,0.809209,0.750975,5,0.272876,0.38
0.829101,0.169421,0.783593,0.768774,0.769183,0.716629,13,1.27315,0.36
0.26936,0.269772,0.352344,0.768911,0.778768,0.715136,12,0.810281,0.36
0.272297,0.653272,0.447071,0.769179,0.788616,0.747732,6,0.69764,0.46
0.815239,0.144236,0.537173,0.769436,0.80075,0.714555,10,0.568405,0.34
0.851852,0.89528,0.624456,0.76983,0.787129,0.740865,11,0.821229,0.28
0.318415,0.848159,0.233721,0.770328,0.800753,0.746086,8,0.236087,0.34
0.738281,0.529251,0.812733,0.770528,0.779473,0.740133,6,0.712903,0.38
0.721392,0.595255,0.324636,0.770652,0.811732,0.740518,6,0.368694,0.35
0.417275,0.412397,0.227539,0.770848,0.779322,0.695134,8,0.921622,0.41
0.0196069,0.481262,0.807247,0.770891,0.793605,0.746078,6,0.641062,0.32
0.84388,0.567489,0.802245,0.771572,0.780648,0.739523,9,0.922542,0.3
0.565865,0.443899,0.876745,0.771626,0.787863,0.747243,9,0.779401,0.38
0.630761,0.78692,0.356989,0.771641,0.793624,0.726217,7,0.776002,0.28
0.229373,0.299912,0.145543,0.771743,0.779682,0.733512,8,1.02235,0.25
0.420497,0.493813,0.443478,0.771748,0.786013,0.73082,6,0.805848,0.31
0.674444,0.306811,0.012682,0.772008,0.788561,0.693752,11,0.976775,0.44
0.416969,0.418758,0.351196,0.77211,0.775242,0.700867,6,1.18601,0.33
0.271996,0.423877,0.256847,0.77218,0.807678,0.733272,6,0.428055,0.35
0.921815,0.607598,0.926982,0.772565,0.807749,0.766275,4,0.0825455,0.37
0.615779,0.584932,0.965159,0.772846,0.773856,0.737889,7,1.21888,0.32
0.0525376,0.287857,0.0807598,0.77293,0.806159,0.741674,6,0.502075,0.38
0.331418,0.33006,0.748019,0.773183,0.814813,0.743951,9,0.39429,0.29
0.772473,0.373647,0.596471,0.773369,0.774648,0.738144,9,1.02519,0.37
0.623298,0.623375,0.593227,0.773706,0.804252,0.745094,7,0.525143,0.31
0.493452,0.409763,0.102445,0.774051,0.794282,0.696823,10,0.930267,0.31
0.694339,0.469515,0.37026,0.774052,0.78729,0.703774,6,0.978776,0.26
0.383808,0.761803,0.160154,0.774055,0.790794,0.744488,10,0.690786,0.36
0.391696,0.922004,0.318255,0.774164,0.785365,0.71404,10,0.905722,0.31
0.672571,0.600894,0.845472,0.774321,0.803345,0.73998,6,0.718907,0.34
0.298122,0.627587,0.0732338,0.774378,0.776798,0.719424,8,1.2315,0.34
0.287816,0.261517,0.72446,0.774609,0.791051,0.727612,12,0.853725,0.3
0.387842,0.0102579,0.711056,0.774641,0.791772,0.725581,14,0.888536,0.29
0.351322,0.220616,0.52366,0.774674,0.777716,0.720239,8,1.17032,0.23
0.266639,0.598811,0.427512,0.774704,0.817017,0.759041,4,0.376962,0.31
0.706334,0.60676,0.575005,0.774868,0.790441,0.738552,6,0.886773,0.32
0.197142,0.891201,0.00346701,0.775041,0.778151,0.7376,12,1.16408,0.27
0.778127,0.552419,0.21392,0.775124,0.799032,0.727371,9,0.798539,0.23
0.941375,0.60987,0.591734,0.775359,0.786176,0.747605,9,0.934619,0.28
0.38559,0.391635,0.170675,0.775715,0.793706,0.702921,10,0.807604,0.23
0.161603,0.825659,0.259462,0.775885,0.796692,0.73165,6,0.729656,0.26
0.23929,0.356999,0.251163,0.775941,0.791519,0.73281,10,0.580434,0.29
0.706926,0.613868,0.979276,0.775994,0.798212,0.750702,8,0.369136,0.36
0.953577,0.118223,0.980327,0.776013,0.776829,0.718288,13,1.26108,0.24
0.077672,0.768908,0.0236505,0.77614,0.790332,0.724523,6,1.01365,0.37
0.287641,0.322549,0.732032,0.776152,0.820389,0.740083,10,0.438219,0.23
0.517003,0.683471,0.464907,0.776186,0.798428,0.762594,4,0.517254,0.27
0.743664,0.380921,0.770591,0.776336,0.800762,0.744055,11,0.708996,0.25
0.354631,0.327332,0.130851,0.776565,0.787524,0.703962,11,0.975012,0.28
0.617905,0.634916,0.0509085,0.776982,0.797891,0.743775,10,0.776763,0.17
0.462795,0.8162,0.300712,0.777451,0.805627,0.731277,7,0.751464,0.22
0.494371,0.676582,0.307188,0.777614,0.784001,0.759619,7,0.710404,0.26
0.34102,0.648707,0.0474374,0.777696,0.797731,0.736496,11,0.680135,0.28
0.75212,0.76695,0.0894614,0.777716,0.792397,0.709125,9,0.938879,0.31
0.229021,0.461256,0.332778,0.777813,0.783954,0.752385,11,0.969004,0.18
0.416489,0.450028,0.569803,0.779088,0.810799,0.748475,4,0.328041,0.24
0.898565,0.457675,0.61677,0.779221,0.786009,0.734042,10,1.06586,0.25
0.301091,0.00779579,0.621447,0.779355,0.779455,0.738511,17,1.28223,0.23
0.278984,0.544877,0.539934,0.779701,0.794981,0.769592,5,0.379187,0.31
0.786727,0.756189,0.88836,0.780055,0.802471,0.721298,12,0.599743,0.2
0.369133,0.501391,0.872024,0.7801,0.796854,0.740356,12,0.915069,0.27
0.829196,0.938408,0.660186,0.780552,0.79706,0.746782,15,0.798681,0.2
0.533769,0.602014,0.471232,0.780582,0.799125,0.756976,4,0.420805,0.29
0.925788,0.581559,0.92144,0.780832,0.799483,0.760623,4,0.307551,0.19
0.235884,0.807489,0.166957,0.780862,0.784665,0.724208,8,1.20471,0.22
0.288113,0.243998,0.644231,0.78102,0.796496,0.745748,14,0.890559,0.23
0.047057,0.948175,0.10304,0.78127,0.802239,0.751947,12,0.66772,0.23
0.809274,0.162283,0.53307,0.781306,0.788881,0.715593,16,0.637523,0.24
0.546456,0.556696,0.455278,0.781607,0.790629,0.74102,9,0.873719,0.21
0.102561,0.480876,0.970294,0.781618,0.783808,0.740286,13,1.22094,0.28
0.513752,0.622584,0.174105,0.78185,0.805874,0.747124,9,0.778739,0.26
0.272314,0.400239,0.496017,0.78206,0.807359,0.751234,6,0.717124,0.25
0.897996,0.593339,0.190514,0.782197,0.797813,0.738097,11,0.957665,0.25
0.211581,0.577586,0.378643,0.782577,0.813214,0.749317,5,0.499627,0.28
0.0633483,0.953784,0.0937346,0.782657,0.800852,0.748651,10,0.720538,0.17
0.74608,0.45588,0.977615,0.782678,0.806424,0.74077,12,0.433549,0.31
0.730291,0.363974,0.574535,0.782812,0.787147,0.728633,13,1.02309,0.22
0.672588,0.401965,0.482008,0.782833,0.808526,0.706524,9,0.843026,0.23
0.687079,0.674829,0.389913,0.783029,0.819391,0.740737,7,0.573164,0.24
0.329755,0.291628,0.770544,0.78316,0.816344,0.737028,18,0.767242,0.21
0.589113,0.569079,0.563541,0.783437,0.794886,0.759917,7,0.87763,0.19
0.0781242,0.486637,0.140451,0.783769,0.788931,0.726599,6,1.17921,0.23
0.0195973,0.773142,0.0122707,0.783947,0.809862,0.739895,10,0.663053,0.24
0.0279529,0.111394,0.464058,0.784265,0.784613,0.729266,15,1.26753,0.23
0.450779,0.957348,0.662643,0.7843,0.791947,0.735134,18,0.976745,0.23
0.399396,0.379425,0.71593,0.784409,0.788181,0.754842,12,1.04473,0.18
0.00313996,0.0433548,0.73553,0.784576,0.792283,0.724076,18,1.09238,0.3
0.465219,0.633919,0.622645,0.784612,0.800693,0.749275,10,0.690221,0.12
0.494691,0.647028,0.686995,0.784736,0.82233,0.752666,9,0.579233,0.19
0.791062,0.707637,0.0949926,0.784774,0.793291,0.734376,7,1.08342,0.23
0.484698,0.661038,0.157977,0.785301,0.812138,0.750362,13,0.747706,0.22
0.901747,0.65259,0.346559,0.785382,0.802362,0.740172,7,0.940923,0.22
0.62471,0.58855,0.456944,0.785551,0.797608,0.751061,7,0.760571,0.15
0.846116,0.503351,0.163273,0.78565,0.786933,0.731723,12,1.15327,0.22
0.296123,0.644027,0.30878,0.785703,0.801636,0.739544,8,0.84273,0.2
0.960826,0.584342,0.856524,0.7858,0.830915,0.763424,11,0.336482,0.21
0.125653,0.294095,0.101046,0.785927,0.788214,0.747784,9,1.21023,0.19
0.898018,0.551838,0.893633,0.78677,0.801616,0.749272,5,0.891267,0.18
0.672103,0.730786,0.920968,0.786928,0.821132,0.718125,14,0.764399,0.28
0.511866,0.577812,0.546658,0.787074,0.790221,0.759575,10,1.15397,0.21
0.0474858,0.819035,0.306799,0.787153,0.808293,0.741952,11,0.619125,0.18
0.612553,0.661271,0.941182,0.787298,0.79513,0.739728,16,1.09725,0.17
0.500733,0.435593,0.820159,0.78732,0.7946,0.749035,11,1.08253,0.21
0.00684801,0.413798,0.784477,0.787538,0.789676,0.743295,13,1.20133,0.18
0.527969,0.827279,0.485681,0.787741,0.789107,0.74209,14,1.24699,0.15
0.387221,0.595857,0.531523,0.787915,0.794189,0.75995,6,0.922937,0.22
0.329631,0.409952,0.665058,0.78803,0.801406,0.754459,14,0.769797,0.14
0.221074,0.358795,0.181314,0.788169,0.828386,0.745246,14,0.340059,0.15
0.451991,0.458157,0.886971,0.788322,0.792109,0.741514,12,1.18939,0.1
0.920851,0.780551,0.917014,0.788362,0.808941,0.741253,9,0.524645,0.19
0.867593,0.789831,0.756772,0.788476,0.792601,0.737194,15,1.13558,0.19
0.647378,0.400205,0.985772,0.788482,0.794974,0.721,15,1.02466,0.17
0.60233,0.226909,0.638497,0.78873,0.792442,0.729875,18,1.15392,0.19
0.782012,0.627722,0.0967915,0.788805,0.809289,0.755196,8,0.565763,0.15
0.101679,0.381904,0.256604,0.789265,0.809707,0.746704,12,0.837888,0.19
0.937804,0.778377,0.907866,0.789554,0.807748,0.746976,11,0.663312,0.15
0.165173,0.471581,0.149832,0.78969,0.790594,0.729127,7,1.26749,0.18
0.145304,0.547919,0.433984,0.789807,0.817059,0.749768,9,0.705138,0.18
0.887139,0.634735,0.124888,0.789953,0.79189,0.755635,12,1.12836,0.13
0.313798,0.890584,0.181264,0.790135,0.825018,0.745489,15,0.562254,0.19
0.851488,0.636612,0.970067,0.790215,0.834371,0.763046,8,0.216764,0.19
0.724198,0.962992,0.559365,0.790297,0.791674,0.735554,22,1.2336,0.16
0.563521,0.495805,0.827602,0.790372,0.796749,0.743744,12,1.13177,0.11
0.0374389,0.541171,0.791422,0.790743,0.791729,0.758853,12,1.1475,0.2
0.344533,0.336163,0.728994,0.790913,0.797083,0.754148,21,0.523769,0.12
0.59748,0.720608,0.518761,0.790985,0.793552,0.766372,13,1.1524,0.18
0.328383,0.637541,0.552565,0.791335,0.807441,0.748187,7,0.945118,0.11
0.902274,0.877501,0.119807,0.791639,0.800253,0.721623,12,1.03372,0.17
0.898901,0.659614,0.37072,0.791909,0.810704,0.739524,10,0.815638,0.12
0.86097,0.697741,0.954899,0.791914,0.825394,0.748166,9,0.36806,0.15
0.661014,0.512144,0.47507,0.792701,0.798087,0.73558,12,1.11105,0.1
0.807762,0.537606,0.975147,0.7928,0.815619,0.763256,10,0.541628,0.13
0.546438,0.669086,0.288854,0.792957,0.794978,0.76655,14,1.12369,0.12
0.944087,0.51407,0.0745855,0.793307,0.796589,0.755249,12,1.16252,0.12
0.00516311,0.484683,0.662457,0.793412,0.806771,0.745098,13,0.833624,0.14
0.276824,0.0879492,0.315698,0.793423,0.802749,0.720354,23,1.09139,0.11
0.496504,0.43986,0.75093,0.793456,0.803133,0.754766,16,0.984183,0.17
0.373455,0.517538,0.636316,0.793637,0.804751,0.76358,14,0.947399,0.17
0.876356,0.635962,0.32087,0.793735,0.804448,0.745295,14,1.00113,0.15
0.521045,0.377669,0.621228,0.793795,0.801662,0.743263,16,0.824266,0.13
0.0788537,0.342867,0.168016,0.793912,0.800562,0.739932,18,1.14514,0.15
0.748757,0.705584,0.547923,0.793958,0.814804,0.74972,13,0.874334,0.09
0.352581,0.314274,0.569596,0.794019,0.812069,0.743856,14,0.715665,0.14
0.372709,0.265461,0.656887,0.794246,0.798583,0.751385,19,1.16209,0.1
0.0526324,0.894345,0.120495,0.794792,0.818002,0.756273,14,0.605489,0.12
0.360755,0.898262,0.221971,0.794839,0.814455,0.732809,17,0.70244,0.11
0.774434,0.593472,0.110028,0.795102,0.798022,0.753728,14,1.08859,0.1
0.933963,0.825458,0.129165,0.795447,0.830697,0.741111,14,0.682638,0.08
0.153357,0.356976,0.0747622,0.795613,0.824486,0.758299,17,0.690317,0.1
0.780538,0.537581,0.83885,0.795841,0.801797,0.753233,16,0.977482,0.04
0.334964,0.873603,0.27698,0.796039,0.823173,0.744371,20,0.55296,0.12
0.414074,0.419544,0.609283,0.796556,0.821444,0.758654,11,0.563488,0.1
0.689069,0.338546,0.53227,0.797152,0.813617,0.713543,15,0.919769,0.09
0.49852,0.633058,0.170146,0.79723,0.800754,0.75159,17,1.12291,0.1
0.352717,0.599095,0.286256,0.797305,0.798367,0.754829,15,1.23764,0.08
0.694963,0.438217,0.967169,0.797498,0.804368,0.73948,20,1.07848,0.12
0.640814,0.785769,0.549239,0.797889,0.805072,0.755371,17,1.0599,0.12
0.306278,0.482484,0.558889,0.798444,0.810053,0.763074,12,0.728553,0.11
0.598297,0.454464,0.516222,0.798657,0.801622,0.729523,16,1.1676,0.08
0.745178,0.737035,0.924163,0.799515,0.801925,0.724599,15,1.17215,0.1
0.0542834,0.806545,0.225026,0.799987,0.80013,0.736308,15,1.27966,0.1
0.8015,0.566965,0.325082,0.801057,0.802765,0.752034,16,1.23037,0.04
0.697114,0.0708576,0.546936,0.801693,0.803932,0.715864,25,1.22638,0.1
0.837263,0.547877,0.9225,0.802326,0.808761,0.757702,17,1.10926,0.1
0.971373,0.837973,0.221418,0.802899,0.807765,0.737776,17,1.13225,0.1
0.229677,0.592134,0.405411,0.803446,0.805449,0.764766,17,1.22232,0.04
0.965302,0.535101,0.863672,0.80349,0.81442,0.755225,17,1.04901,0.06
0.92204,0.700106,0.958669,0.80383,0.840956,0.76334,15,0.333761,0.06
0.573058,0.779982,0.588441,0.803907,0.82283,0.756081,20,0.77787,0.06
0.0873906,0.345052,0.126259,0.805722,0.825384,0.752143,22,0.949209,0.07
0.247887,0.55446,0.40667,0.805971,0.827174,0.7716,22,0.583639,0.04
0.210301,0.562399,0.631297,0.80629,0.817778,0.761582,14,1.02741,0.07
0.644246,0.629353,0.233197,0.807061,0.822106,0.757758,19,0.784417,0.07
0.882778,0.666869,0.353079,0.807135,0.810003,0.740767,23,1.12738,0.03
0.953502,0.833106,0.178174,0.807731,0.829762,0.74669,19,0.912886,0.04
0.975341,0.603,0.598909,0.808371,0.810748,0.759007,21,1.20825,0.05
0.995021,0.550948,0.653255,0.808474,0.809433,0.761022,18,1.23969,0.03
0.616617,0.613583,0.34732,0.808581,0.822477,0.754844,19,0.832033,0.02
0.308913,0.925173,0.357658,0.808857,0.816525,0.745956,24,0.935417,0.02
0.564129,0.632775,0.305196,0.808866,0.823021,0.759661,22,0.821614,0.08
0.873138,0.410874,0.0321268,0.809371,0.815512,0.750806,22,1.12445,0.03
0.142213,0.657548,0.515456,0.809711,0.819726,0.772446,25,0.969991,0.06
0.678763,0.605416,0.226395,0.810941,0.812343,0.752812,21,1.19203,0.05
0.591139,0.463448,0.755197,0.811108,0.820551,0.774348,24,0.964987,0.03
0.276538,0.910497,0.35822,0.811122,0.813924,0.753335,24,1.21298,0.03
0.831748,0.594833,0.945189,0.811946,0.831813,0.778209,18,0.714731,0.01
0.688952,0.617823,0.901005,0.81206,0.820506,0.764903,24,0.964765,0.03
0.231723,0.562283,0.594197,0.812781,0.814495,0.774242,15,1.18966,0.02
0.549336,0.823768,0.563747,0.814608,0.817266,0.755689,29,1.23021,0.01
0.413988,0.397771,0.625668,0.815121,0.823806,0.765614,29,0.744683,0.02
0.102736,0.613559,0.504617,0.815163,0.82206,0.762621,26,1.13714,0.01
0.832096,0.719928,0.04453,0.815664,0.842869,0.744273,22,0.842325,0.02
0.834262,0.588226,0.909682,0.815945,0.817795,0.773599,24,1.22799,0.01
0.828139,0.497099,0.010259,0.816434,0.822971,0.764453,26,1.12287,0.01
0.79788,0.663274,0.0574265,0.818736,0.828083,0.757592,29,0.938527,0.01
0.324467,0.882278,0.348787,0.819034,0.830899,0.755014,35,0.985783,0.02
0.836189,0.546924,0.965247,0.820234,0.823614,0.770057,30,1.19947,0.01
0.6607,0.456956,0.536291,0.823767,0.834167,0.744711,31,1.07109,0.01
